Issuer Name,State,Coupon,Maturity,CUSIP,Maturity Type,Dated Date,Tax Status,Ticker
IL ST TXB-PENSION,IL,5.1,6/1/33,452151LF8,SINKABLE,6/12/03,FED TAXABLE/ST TAXABLE,ILS
MARYLAND STADIUM AUTH,MD,2.75,6/1/51,574294AW4,CALL/SINK,11/2/21,FED & ST TAX-EXEMPT,MDSEDU
NJ ECON-SER A,NJ,7.425,2/15/29,645913AA2,SINKABLE,6/15/97,FED TAXABLE/ST TAX-EXEMPT,NJSDEV
BUCKEYE OH TOBACCO-B2,OH,5,6/1/55,118217CZ9,CALLABLE,3/4/20,FED & ST TAX-EXEMPT,BUCGEN
PR SALES TAX FING-A1,PR,5,7/1/58,74529JPX7,CALL/SINK,8/1/18,FED/ST/CMWLTH TAX-EXMPT,PRCGEN
IDAHO ST HLTH FACS AU,ID,3,3/1/51,451295D22,CALL/SINK,12/1/21,FED & ST TAX-EXEMPT,IDSMED
CADDO MILLS ISD-A,TX,2.5,8/15/56,127253VA7,CALL/SINK,11/15/21,FED TAX-EXEMPT,CADSCD
GDB DEBT RECOVERY AUT,PR,7.5,8/20/40,36829QAA3,AT MATURITY,11/29/18,FED TAXABLE/CMWLTH EXMPT,PRCDEV
NEW HOPE EDU FACS-A-1,TX,5.5,1/1/57,64542PGC3,CALL/SINK,9/23/21,FED TAX-EXEMPT,NHPFAC
CA TXB-VAR PURP,CA,7.55,4/1/39,13063A5G5,MW CALLABLE,4/28/09,FED TAXABLE/ST TAX-EXEMPT,CAS
FLORIDA ST BRD OF ADM,FL,2.154,7/1/30,341271AF1,MW CALLABLE,9/16/20,FED TAXABLE/ST TAX-EXEMPT,FLSGEN
FT CARSON HSG TXB BD,CO,7.86,11/15/29,347075AB9,SINKABLE,11/15/99,FED TAXABLE,FTCHSG
NEW YORK -A-1,NY,5,8/1/47,64966QXW5,CALL/SINK,8/26/21,FED & ST TAX-EXEMPT,NYC
BROCKTON -TXBL,MA,2.558,11/1/31,111746JF1,AT MATURITY,11/19/21,FED TAXABLE/ST TAXABLE,BRO
PUB IMPT-SER A-PSA,PR,8,7/1/35,74514L2G1,CALL/SINK,3/17/14,FED/ST/CMWLTH TAX-EXMPT,PRC
BIRMINGHAM-REF,AL,3.463,1/1/39,091096NQ6,CALL/SINK,11/26/19,FED TAXABLE/ST TAX-EXEMPT,BIRWTR
UNIV OF CALIFORNIA-BG,CA,1.316,5/15/27,91412HGF4,CALL/MWCALL,7/16/20,FED TAXABLE/ST TAX-EXEMPT,UNVHGR
CMFA SPL FIN AGY 7-A2,CA,4,8/1/47,12574UAC8,CALLABLE,8/19/21,FED & ST TAX-EXEMPT,CMFHSG
CALIFORNIA CMNTY CHOI,CA,4,2/1/52,13013JAP1,CALL/PUT/SF/MWCALL,9/23/21,FED & ST TAX-EXEMPT,CCEDEV
CA TXB-VAR PURP,CA,7.5,4/1/34,13063A5E0,MW CALLABLE,4/28/09,FED TAXABLE/ST TAX-EXEMPT,CAS
NASHVILLE ETC-B-REV,TN,3.235,7/1/52,592041ZW0,CALL/SINK/MWCALL,11/4/21,FED TAXABLE,METHGR
PR SALES TAX FING-A1,PR,0,7/1/46,74529JQG3,CALL/SINK,8/1/18,FED/ST/CMWLTH TAX-EXMPT,PRCGEN
CALIFORNIA ST DEPT OF,CA,1.319,12/1/28,13067WRF1,MW CALLABLE,8/6/20,FED TAXABLE/ST TAX-EXEMPT,CASWTR
FLORIDA ST BRD OF ADM,FL,1.258,7/1/25,341271AD6,MW CALLABLE,9/16/20,FED TAXABLE/ST TAX-EXEMPT,FLSGEN
DALLAS TX AREA RAPID,TX,4,12/1/51,235241WS1,CALL/SINK,12/1/21,FED TAX-EXEMPT,DALTRN
PR SALES TAX FING-A1,PR,0,7/1/51,74529JQH1,CALL/SINK,8/1/18,FED/ST/CMWLTH TAX-EXMPT,PRCGEN
TEXAS ST MUNI GAS ACQ,TX,5,12/15/32,88256HBH0,MW CALLABLE,2/25/21,FED TAX-EXEMPT,TXSUTL
TRIBOROUGH BRID-C-1A,NY,5,5/15/51,89602HBF3,CALL/SINK,9/30/21,FED & ST TAX-EXEMPT,TRBTRN
SALT LAKE-A-AMT,UT,5,7/1/46,795576KB2,CALL/SINK,8/5/21,AMT/ST TAX-EXEMPT,SALAPT
NYC TRANSITIONAL A-1,NY,4,11/1/35,64971XC63,CALLABLE,8/17/21,FED & ST TAX-EXEMPT,NYCGEN
COLORADO ST BRD OF GO,CO,2.5,3/1/51,196707N25,CALL/SINK,11/10/21,FED & ST TAX-EXEMPT,COSHGR
BROCKTON -TXBL,MA,2.958,11/1/34,111746JJ3,CALLABLE,11/19/21,FED TAXABLE/ST TAXABLE,BRO
DALLAS TX AREA RAPID,TX,5,12/1/47,235241WQ5,CALL/SINK,12/1/21,FED TAX-EXEMPT,DALTRN
TRIBOROUGH BRIDGE-C-3,NY,3,5/15/51,89602HBZ9,CALL/SINK,9/30/21,FED & ST TAX-EXEMPT,TRBTRN
LIBERTY DEV GOLDMAN,NY,5.25,10/1/35,531127AC2,MW CALLABLE,10/12/05,FED & ST TAX-EXEMPT,LBTDEV
MINNEAPOLIS HLTH-A,MN,5,11/15/49,60374VEF6,CALLABLE,10/10/18,FED & ST TAX-EXEMPT,MINMED
NATIONAL FIN AUTH,NH,3.3,4/1/32,63607VAF3,CALL/MWCALL,10/26/21,FED TAXABLE/ST TAX-EXEMPT,NFAGEN
TOBACCO SETTLEMENT-B1,IA,4,6/1/49,888805CH9,CALLABLE,4/13/21,FED TAX-EXEMPT/ST TAXABLE,TOBGEN
CONNECTICUT ST -A,CT,3,1/15/34,20772KLY3,CALLABLE,1/6/21,FED & ST TAX-EXEMPT,CTS
CA HSG FIN AGY -A,CA,3.25,8/20/36,13033DAJ4,AT MATURITY,11/1/21,FED & ST TAX-EXEMPT,CASHSG
NJ HLTH CARE FACS FIN,NJ,2.625,7/1/51,645790QF6,CALL/SINK,9/30/21,FED & ST TAX-EXEMPT,NJSMED
CAMBRIA GEN FIN-TT5,PA,3.25,4/1/50,132034AW9,CALL/SINK,11/16/21,FED & ST TAX-EXEMPT,CAMGEN
GEORGIA ST PORTS AUTH,GA,2.625,7/1/51,373586GV2,CALL/SINK,11/4/21,FED & ST TAX-EXEMPT,GASTRN
CLOVIS UNIF SCH DT-B,CA,3.067,8/1/39,189342N20,CALL/SINK,11/9/21,FED TAXABLE/ST TAX-EXEMPT,CVSSCD
NY LIBERTY DEV CORP-A,NY,3,11/15/51,649519DW2,CALL/SINK,9/14/21,FED & ST TAX-EXEMPT,NYCDEV
NJ ST TRANSN-BAB-C,NJ,5.754,12/15/28,646136XS5,SINK/MWCALL,10/21/10,FED TAXABLE/ST TAX-EXEMPT,NJSTRN
DALLAS & FORT WORTH-B,TX,4,11/1/45,23503CAL1,CALL/SINK,11/1/21,FED TAX-EXEMPT,DALAPT
BLACK BELT ENERGY GAS,AL,4,6/1/51,09182NBR0,CALL/PUT/SINK,4/19/21,FED & ST TAX-EXEMPT,BBEUTL
GODLEY ISD,TX,3,2/15/51,380334LK6,CALL/SINK,7/1/21,FED TAX-EXEMPT,GODSCD
DELTA CNTY MEM HOSP,CO,5.5,9/1/30,247536DQ5,CALL/SINK,6/10/10,FED BQ/ST TAX-EXEMPT,DELMED
ALABAMA FEDERAL AID,AL,2.65,9/1/37,010268CX6,CALL/SINK/MWCALL,10/14/21,FED TAXABLE/ST TAX-EXEMPT,ALSTRN
PORT BEAUMONT TX NAV,TX,3,1/1/50,73360CAN4,CALL/SINK/MWCALL,8/18/21,FED AMT FOR INDIVIDUALS,PTBTRN
LYNCHBURG ECON DEV,VA,3,1/1/51,55123TBR2,CALL/SINK,11/17/21,FED & ST TAX-EXEMPT,LNCMED
CLARKE CO CLASSIC CTR,GA,3,5/1/61,18274AAX6,CALL/SINK,11/17/21,FED & ST TAX-EXEMPT,CLCGEN
CLOVIS UNIF SD -TXBL,CA,3.3,6/1/46,189344FP4,CALL/SINK,11/16/21,FED TAXABLE/ST TAX-EXEMPT,CVSEDU
MET TRANS AUTH,NY,5.871,11/15/39,59259YBF5,SINK/MWCALL,10/15/09,FED TAXABLE/ST TAX-EXEMPT,MTATRN
NTHRN TOBACCO-B-2-REF,AK,0,6/1/66,66585VCB9,CALLABLE,7/1/21,FED & ST TAX-EXEMPT,NRTFAC
LOS ANGELES CCD-REF,CA,1.174,8/1/26,54438CYL0,MW CALLABLE,11/10/20,FED TAXABLE/ST TAX-EXEMPT,LOSHGR
ROCKINGHAM CO ECON -A,VA,2.625,11/1/50,77345QAC8,CALL/SINK,10/14/21,FED & ST TAX-EXEMPT,RKGDEV
TUCSON AZ-A-TXBL-COPS,AZ,2.856,7/1/47,898735UW3,SINK/MWCALL,3/3/21,FED TAXABLE/ST TAX-EXEMPT,TUCCTF
NYC MUNI WTR FIN -EE,NY,5,6/15/31,64972GWQ3,AT MATURITY,3/18/20,FED & ST TAX-EXEMPT,NYCUTL
LA DEPT ARPTS-A-REF,CA,5,5/15/36,544445PN3,CALLABLE,3/11/20,FED & ST TAX-EXEMPT,LOSAPT
MIAMI-DADE WTR SWR,FL,4,10/1/51,59334DNG5,CALL/SINK,7/8/21,FED & ST TAX-EXEMPT,MIAUTL
CENTRL TX REGL ETC-D,TX,3,1/1/46,155498NM6,CALL/SINK,10/1/21,FED TAX-EXEMPT,CTXGEN
CA HLTH FACS FING -A,CA,4,8/15/48,13032UB23,CALL/SINK,12/1/21,FED & ST TAX-EXEMPT,CASMED
PUERTO RICO-A,PR,8,7/1/35,74514LE86,CALL/SINK,3/17/14,FED/ST/CMWLTH TAX-EXMPT,PRC
COLUMBUS OH MET HSG A,OH,2.75,11/1/41,199518AL5,CALL/SINK,11/9/21,FED & ST TAX-EXEMPT,COLMFH
SUNNYVALE SD-A,CA,4,9/1/50,867578WD4,CALL/SINK,11/17/21,FED & ST TAX-EXEMPT,SUNSCD
WATERBURY TXBL-PENSN,CT,7.089,12/1/38,941247N20,SINK/MWCALL,9/17/09,FED TAXABLE/ST TAX-EXEMPT,WAT
CA HLTH FACS FING -A,CA,3,8/15/51,13032UB31,CALL/SINK,12/1/21,FED & ST TAX-EXEMPT,CASMED
PR INFRA-B,PR,5,7/1/41,745220EZ2,CALL/SINK,6/16/05,FED/ST/CMWLTH TAX-EXMPT,PRCFAC
CLOVIS UNIF SD -TXBL,CA,3.15,6/1/41,189344FN9,CALL/SINK,11/16/21,FED TAXABLE/ST TAX-EXEMPT,CVSEDU
CO HLTH FACS AUTH-A,CO,4,11/15/50,19648FSH8,CALL/SINK,7/1/21,FED & ST TAX-EXEMPT,COSMED
ORANGE CO TRANSPRTN,CA,5,10/15/24,68441VAA3,AT MATURITY,9/29/21,FED & ST TAX-EXEMPT,ORATRN
LAMAR CONSOL SD-A-REF,TX,3,2/15/45,513174C34,CALL/SINK,11/15/21,FED TAX-EXEMPT,LAMSCD
NEW YORK CITY NY TRUS,NY,5,7/1/31,649717VM4,AT MATURITY,1/7/21,FED & ST TAX-EXEMPT,NYCFAC
NJ HLTH CARE FACS FIN,NJ,2.5,7/1/51,645790PF7,CALL/SINK,9/15/21,FED & ST TAX-EXEMPT,NJSMED
MA ST-REF-A,MA,5.5,8/1/30,57582NUZ6,SINKABLE,1/28/04,FED & ST TAX-EXEMPT,MAS
NY DORM AUTH-B-TXBL,NY,4.946,8/1/48,64990GGK2,CALL/SINK,8/1/18,FED TAXABLE/ST TAX-EXEMPT,NYSHGR
GOLDEN ST TOBACCO -B,CA,3.293,6/1/42,38122NB68,CALL/SINK/MWCALL,10/7/21,FED TAXABLE/ST TAX-EXEMPT,GLDGEN
LOS ANGELES CO-REV,CA,4,6/30/22,544657HY8,AT MATURITY,7/1/21,FED & ST TAX-EXEMPT,LOS
DALLAS AREA RAPID -A,TX,2.613,12/1/48,235241WM4,CALL/SINK,12/1/21,FED TAXABLE/ST TAX-EXEMPT,DALTRN
DALLAS-FORT WORTH TX,TX,2.843,11/1/46,2350368N3,CALL/SINK/MWCALL,11/1/21,FED TAXABLE,DALAPT
BROOKLYN CENTR-A,MN,5.5,11/1/35,113880EG9,CALL/SINK/MWCALL,11/9/16,FED & ST TAX-EXEMPT,BROMFH
UNIV OF FL DORM-A-BAM,FL,3,7/1/51,34157TEJ1,CALLABLE,6/24/21,FED & ST TAX-EXEMPT,UNIHGR
TRIBOROUGH BRIDGE-C-3,NY,2.5,5/15/51,89602HBX4,CALL/SINK,9/30/21,FED & ST TAX-EXEMPT,TRBTRN
DEER CREEK PA DRAIN B,PA,2.5,12/1/51,24379RDD2,CALL/SINK,11/23/21,FED & ST TAX-EXEMPT,DEEUTL
PENN TNPK COMM-C-REF,PA,3,12/1/51,709225EU6,CALL/SINK,11/18/21,FED & ST TAX-EXEMPT,PASTRN
HAMILTON CNTY HOSP-CC,OH,5,11/15/49,407272W25,SINK/MWCALL,10/22/19,FED & ST TAX-EXEMPT,HAMMED
TEXAS ST MUNI PWR AGY,TX,2.5,9/1/51,882555A39,CALL/SINK,6/15/21,FED TAX-EXEMPT,TXSPWR
LOS ANGELES CA DEPT O,CA,5,7/1/51,544532DK7,CALL/SINK,12/1/21,FED & ST TAX-EXEMPT,LOSUTL
UTAH CNTY UT HOSP REV,UT,5,5/15/50,917393DD9,CALL/SINK,7/9/20,FED & ST TAX-EXEMPT,UTSMED
CA CMNTY CHOICE FING,CA,4,10/1/52,13013JAX4,CALL/PUT,11/24/21,FED & ST TAX-EXEMPT,CCEDEV
IL ST TXB-PENSION,IL,4.95,6/1/23,452151LE1,SINKABLE,6/12/03,FED TAXABLE/ST TAXABLE,ILS
UNIV OF CALIFORNIA CA,CA,3.006,5/15/50,913366KB5,CALL/MWCALL,3/5/20,FED TAXABLE/ST TAX-EXEMPT,UNVHGR
BROOMFIELD CO WTR ACT,CO,4,12/1/46,11477KDB9,CALL/SINK,9/16/21,FED & ST TAX-EXEMPT,BROWTR
LOS ANGELES-TRANS,CA,4,6/23/22,544351PL7,AT MATURITY,7/1/21,FED & ST TAX-EXEMPT,LOS
LOS ANGELES USD-BABS,CA,5.75,7/1/34,544646XZ0,SINK/MWCALL,10/15/09,FED TAXABLE/ST TAX-EXEMPT,LOSSCD
NYC MUNI WTR FIN-AA-1,NY,4,6/15/51,64972GZH0,CALL/SINK,7/14/21,FED & ST TAX-EXEMPT,NYCUTL
TRI-VLY SD#49-6,SD,4,7/15/46,895761JE5,CALL/SINK,11/18/21,FED TAX-EXEMPT,TRISCD
CALIFORNIA ST-REF,CA,4,10/1/41,13063DJ41,CALLABLE,9/22/21,FED & ST TAX-EXEMPT,CAS
NJ HLTH CARE FACS-AGM,NJ,2.5,7/1/51,645790QG4,CALL/SINK,9/15/21,FED & ST TAX-EXEMPT,NJSMED
CA HLTH FACS-A1,CA,5,11/1/27,13032UMR6,AT MATURITY,5/3/17,FED & ST TAX-EXEMPT,CASMED
PR-REF-A,PR,5,7/1/41,74514LB89,CALL/SINK,4/3/12,FED/ST/CMWLTH TAX-EXMPT,PRC
PORT BEAUMONT TX INDL,TX,4.1,1/1/28,73358SAA1,CALL/MWCALL,8/18/21,FED TAXABLE,PTBDEV
BEXAR HSG FIN-A,TX,6,1/1/47,088382AC0,CALL/SINK,12/1/11,FED TAX-EXEMPT,BEXHSG
CMFA SPL FIN AGY-A-1,CA,4,8/1/56,12574WAA8,CALLABLE,11/23/21,FED & ST TAX-EXEMPT,CMFHSG
TEXAS ST-TXBL-REF-B,TX,3.693,10/1/29,882723PX1,CALLABLE,7/8/14,FED TAXABLE,TXS
CA CMNTY HSG AGY-A-2,CA,4,2/1/50,13013FBC7,CALL/MWCALL,9/14/21,FED & ST TAX-EXEMPT,CCHHSG
MIAMI-DADE CNTY FL AV,FL,4.28,10/1/41,59333P3W6,CALL/SINK,8/30/18,FED TAXABLE/ST TAX-EXEMPT,MIATRN
RESTRUCTURED-SER A-2,PR,4.329,7/1/40,74529JRH0,CALL/SINK,8/1/19,FED/ST/CMWLTH TAX-EXMPT,PRCGEN
S BROWARD HOSP DT-A,FL,2.5,5/1/48,836753NL3,CALLABLE,11/18/21,FED & ST TAX-EXEMPT,SOUMED
GOLDEN TOB CAB-1ST-B,CA,0,6/1/47,38122NPD8,CALLABLE,3/14/07,FED & ST TAX-EXEMPT,GLDGEN
CHICAGO TRANSIT SER A,IL,6.899,12/1/40,167725AC4,SINK/MWCALL,8/6/08,FED TAXABLE/ST TAXABLE,CHITRN
NYC MUNI WTR-DD-REF,NY,5,6/15/36,64972GFA7,CALLABLE,9/24/14,FED & ST TAX-EXEMPT,NYCUTL
BIRMINGHAM -TXBL -REF,AL,2.25,3/1/32,09088RU87,CALLABLE,11/18/21,FED TAXABLE/ST TAX-EXEMPT,BIR
STUTTGART -B,AR,2.5,12/1/46,864182HC7,CALL/SINK,12/14/21,FED & ST TAX-EXEMPT,STOGEN
DEER CREEK PA DRAIN B,PA,2.625,12/1/56,24379RDE0,CALL/SINK,11/23/21,FED & ST TAX-EXEMPT,DEEUTL
DEER CREEK PA DRAIN B,PA,2.375,12/1/46,24379RDC4,CALL/SINK,11/23/21,FED & ST TAX-EXEMPT,DEEUTL
CSCDA CMNTY IMPT AUTH,CA,4,9/1/46,126292AZ4,CALLABLE,9/14/21,FED & ST TAX-EXEMPT,CDAHSG
GOLDEN ST TOBACCO -B,CA,2.746,6/1/34,38122NB50,CALL/SINK/MWCALL,10/7/21,FED TAXABLE/ST TAX-EXEMPT,GLDGEN
PORT AUTH-174TH,NY,4.458,10/1/62,73358WJA3,SINK/MWCALL,10/10/12,FED TAXABLE/ST TAX-EXEMPT,PORTRN
WESTCHESTER CO DEV CO,NY,5,7/1/56,95737TEU6,CALL/SINK,11/10/21,FED & ST TAX-EXEMPT,WSTDEV
OHIO ST -A,OH,4,3/1/39,677523CK6,CALLABLE,11/10/21,FED & ST TAX-EXEMPT,OHS
MAIN STREET NTRL GAS,GA,4,5/1/52,56035DCZ3,CALL/PUT/SINK,9/9/21,FED & ST TAX-EXEMPT,MAIUTL
S BROWARD HOSP DT-A,FL,3,5/1/51,836753NM1,CALL/SINK,11/18/21,FED & ST TAX-EXEMPT,SOUMED
MASSACHUSETTS ST DEV,MA,4,7/1/51,57584YL64,CALL/SINK,5/6/21,FED & ST TAX-EXEMPT,MASDEV
UNIV OF OKLAHOMA-A,OK,4,7/1/51,91476PXU7,CALL/SINK,12/9/21,FED & ST TAX-EXEMPT,UNIHSG
CA CMNTY HSG AGY-A-2,CA,4,8/1/51,13013FAZ7,CALL/SINK,8/31/21,FED & ST TAX-EXEMPT,CCHHSG
MET GOVT NASHVILLE &,TN,5,7/1/31,592041ZV2,CALLABLE,11/4/21,FED TAX-EXEMPT,METHGR
PERALTA-B-4,CA,0,8/5/31,713580AJ7,CALL/PUT/SINK,12/28/05,FED TAXABLE/ST TAX-EXEMPT,PRTHGR
GOLDEN ST TOBACCO -B,CA,3,6/1/46,38122NB76,SINK/MWCALL,10/7/21,FED TAXABLE/ST TAX-EXEMPT,GLDGEN
WASHINGTON ST HLTH CA,WA,4,10/1/42,93978HYG4,PUT/SINK,10/1/21,FED TAX-EXEMPT,WASMED
PUBLIC FIN AUTH WI RE,WI,3,7/1/50,74442PVC6,CALL/SINK,12/1/21,FED TAX-EXEMPT,PUBGEN
BUCKEYE OH TOBACCO-B3,OH,0,6/1/57,118217DA3,CALLABLE,3/4/20,FED & ST TAX-EXEMPT,BUCGEN
NY ST URBAN DEV-A-REF,NY,4,3/15/38,64985TCK5,CALLABLE,10/21/21,FED & ST TAX-EXEMPT,NYSFAC
CA ST-BABS,CA,7.3,10/1/39,13063A7D0,SINK/MWCALL,10/15/09,FED TAXABLE/ST TAX-EXEMPT,CAS
LYNCHBURG ECON DEV,VA,4,1/1/55,55123TBS0,CALL/SINK,11/17/21,FED & ST TAX-EXEMPT,LNCMED
FOOTHILL E TRANSP-A,CA,4,1/15/46,345105JH4,CALL/SINK,2/9/21,FED & ST TAX-EXEMPT,FOOTRN
NJ TPK-TXB-A-BABS,NJ,7.102,1/1/41,646139X83,SINK/MWCALL,12/15/10,FED TAXABLE/ST TAX-EXEMPT,NJSTRN
GEISINGER PA AUTH HLT,PA,4,4/1/50,368497JV6,CALLABLE,6/30/20,FED & ST TAX-EXEMPT,GEIMED
WI HLTH & EDUCTNL FAC,WI,3,8/15/51,97712JDN0,CALL/SINK,11/10/21,FED TAX-EXEMPT/ST TAXABLE,WISMED
AUSTIN TX WTR & WSTWT,TX,5,11/15/46,052477MX1,CALL/SINK,9/27/21,FED TAX-EXEMPT,AUSUTL
ILLINOIS ST-BABS,IL,6.63,2/1/35,452152BM2,SINK/MWCALL,2/4/10,FED TAXABLE/ST TAXABLE,ILS
MANOR ISD -B-REF-TXBL,TX,2.389,8/1/35,564096M28,CALLABLE,11/1/21,FED TAXABLE,MNRSCD
PA TPK COMM-A-REF,PA,4,12/1/51,709221VZ5,CALL/SINK,9/2/21,FED & ST TAX-EXEMPT,PASTRN
HARRIS CNTY TX CULTUR,TX,3,10/1/51,414009QY9,CALL/SINK,7/20/21,FED TAX-EXEMPT,HAREDU
PENNSYLVANIA ST,PA,3,5/15/34,70914PU83,CALLABLE,5/20/21,FED & ST TAX-EXEMPT,PAS
COLORADO BRIDGE-TXBL,CO,0.923,12/31/23,19633SAZ6,CALL/MWCALL,9/15/21,FED TAXABLE,COSTRN
CONNECTICUT ST -D,CT,4,11/1/40,207758H63,CALLABLE,12/1/21,FED & ST TAX-EXEMPT,CTSGEN
CALIFORNIA ST-TXBL,CA,1.7,2/1/28,13063DC48,AT MATURITY,4/15/21,FED TAXABLE/ST TAX-EXEMPT,CAS
NY ST-A-1-REF,NY,4,3/15/52,650028XN8,CALLABLE,7/28/21,FED & ST TAX-EXEMPT,NYSTRN
MARYLAND ST TRANSPRTN,MD,4,7/1/50,574300MP1,CALL/SINK,6/25/20,FED & ST TAX-EXEMPT,MDSTRN
MET TRANSPRTN AUTH-D1,NY,5,9/1/22,59261AA49,AT MATURITY,9/6/19,FED & ST TAX-EXEMPT,MTATRN
CALIFORNIA ST EDUCTNL,CA,5,5/1/49,130179SD7,MW CALLABLE,4/4/19,FED & ST TAX-EXEMPT,CASEDU
PA TPK COMM-A-REF,PA,5,12/1/46,709221VY8,CALL/SINK,9/2/21,FED & ST TAX-EXEMPT,PASTRN
BUCKEYE TOBACCO-A-2,OH,4,6/1/48,118217CX4,CALL/SINK,3/4/20,FED & ST TAX-EXEMPT,BUCGEN
MIAMI-DADE-D-REF-TXBL,FL,3.982,10/1/41,59333P2S6,CALL/SINK,8/29/17,FED TAXABLE/ST TAX-EXEMPT,MIATRN
NEW YORK -A-1,NY,4,8/1/39,64966QXS4,CALLABLE,8/26/21,FED & ST TAX-EXEMPT,NYC
NYC MUNI WTR FIN-BB-1,NY,4,6/15/45,64972GZP2,CALLABLE,9/23/21,FED & ST TAX-EXEMPT,NYCUTL
TN ENERGY ACQ CORP-A,TN,5,5/1/52,88044TAL3,CALL/PUT/MWCALL,6/18/21,FED & ST TAX-EXEMPT,TNSUTL
FL DEV FIN CORP -B,FL,7.375,1/1/49,34061YAH3,CALL/SINK,6/20/19,AMT/ST TAX-EXEMPT,FLSDEV
LOS ANGELES CCD-REF,CA,1.606,8/1/28,54438CYM8,SINK/MWCALL,11/10/20,FED TAXABLE/ST TAX-EXEMPT,LOSHGR
GRIFFIN-SPALDING HOSP,GA,3.75,4/1/47,398258AX1,CALL/SINK,8/3/17,FED & ST TAX-EXEMPT,GRSMED
DUBOIS HOSP AUTH-REF,PA,3,7/15/46,263804DC7,CALL/SINK,11/3/21,FED & ST TAX-EXEMPT,DUBMED
NORTH CAROLINA ST MED,NC,4,11/1/52,65821DWM9,CALL/SINK,7/11/19,FED & ST TAX-EXEMPT,NCSMED
ALABAMA FEDERAL AID,AL,2.406,9/1/34,010268CW8,CALL/MWCALL,10/14/21,FED TAXABLE/ST TAX-EXEMPT,ALSTRN
MICHIGAN-A-TXBL,MI,3.3,5/15/28,594612BE2,CALLABLE,4/18/13,FED TAXABLE/ST TAXABLE,MIS
INDIANA FIN AUTH-TXBL,IN,3.051,1/1/51,45506ECL5,SINK/MWCALL,10/7/21,FED TAXABLE/ST TAX-EXEMPT,INSFIN
OR ST DEPT TRANSPRTN,OR,1.43,11/15/29,68607DVF9,MW CALLABLE,9/17/20,FED TAXABLE/ST TAX-EXEMPT,ORSTRN
CENTRL PUGET TRANS-S1,WA,5,11/1/46,155048DL2,SINKABLE,12/19/16,FED TAX-EXEMPT,CEPTRN
MAIN STREET NATURAL,GA,4,7/1/52,56035DDH2,CALL/PUT,11/30/21,FED & ST TAX-EXEMPT,MAIUTL
NEW ORLEANS-A,LA,5,12/1/50,64763FZN2,CALL/SINK,9/16/21,FED TAX-EXEMPT,NEW
CALIFORNIA ST-TXBL,CA,1.75,11/1/30,13063DYT9,AT MATURITY,11/3/20,FED TAXABLE/ST TAX-EXEMPT,CAS
TUSCALOOSA CNTY AL IN,AL,5.25,5/1/44,90068FAZ9,CALL/SINK,5/16/19,FED & ST TAX-EXEMPT,TUSDEV
NEW YORK ST THRUWAY-A,NY,5,3/15/35,650028WV1,CALLABLE,7/28/21,FED & ST TAX-EXEMPT,NYSTRN
L A CLG TXB-SER B,CA,7.53,8/1/29,54438CMS8,SINK/MWCALL,4/1/09,FED TAXABLE/ST TAX-EXEMPT,LOSHGR
INDIANA ST FIN AUTH R,IN,3.237,3/1/33,45506D6N0,MW CALLABLE,11/13/19,FED TAXABLE/ST TAX-EXEMPT,INSGEN
PR INFRA-SER B,PR,5,7/1/46,745220JQ7,CALL/SINK,9/28/06,FED/ST/CMWLTH TAX-EXMPT,PRCFAC
CAMBRIA CO GEN-TT4,PA,3,11/1/41,132034AU3,CALL/SINK,11/16/21,FED & ST TAX-EXEMPT,CAMGEN
MARYLAND ST 2ND SER A,MD,5,8/1/31,574193UP1,AT MATURITY,8/25/21,FED & ST TAX-EXEMPT,MDS
BROCKTON-TAXABLE,MA,5.41,8/1/27,111746AL7,SINK/MWCALL,11/23/05,FED TAXABLE/ST TAXABLE,BRO
MIAMI-DADE WTR SWR,FL,5,10/1/46,59334DNF7,CALL/SINK,7/8/21,FED & ST TAX-EXEMPT,MIAUTL
SACRAMENTO CO-TXBL,CA,7.25,8/1/25,786091AG3,SINK/MWCALL,10/30/13,FED TAXABLE/ST TAX-EXEMPT,SACGEN
NYC -TXBL -REF -D,NY,1.216,8/1/26,64966QRK8,MW CALLABLE,1/6/21,FED TAXABLE/ST TAX-EXEMPT,NYC
PETERSBURG -TXBL-REF,VA,2.971,11/1/42,716298RG1,CALL/SINK,12/2/21,FED TAXABLE/ST TAX-EXEMPT,PET
CA INFRA& ECON DEV-B,CA,4,5/1/46,13034AU99,CALL/SINK,10/19/21,FED & ST TAX-EXEMPT,CASDEV
NY ST DORM AUTH-A,NY,5,10/1/48,64990C6P1,MW CALLABLE,5/16/18,FED & ST TAX-EXEMPT,NYSHGR
STUTTGART -B,AR,2.625,12/1/51,864182HD5,CALL/SINK,12/14/21,FED & ST TAX-EXEMPT,STOGEN
NEW YORK ST THRUWAY-A,NY,4,3/15/42,650028XC2,CALLABLE,7/28/21,FED & ST TAX-EXEMPT,NYSTRN
CLEVELAND ISD-B,TX,4,2/15/54,186612TJ6,CALL/SINK,9/15/20,FED TAX-EXEMPT,CVLSCD
WELD CO SD #6,CO,4,12/1/45,949289QU9,CALL/SINK,7/22/21,FED & ST TAX-EXEMPT,WELSCD
GAINESVILLE & HALL-A,GA,2.5,2/15/51,362762QP4,CALL/SINK,9/9/21,FED & ST TAX-EXEMPT,GAIMED
CA MUNI FIN AUTH-A,CA,2.4,10/1/44,13048RAG2,CALL/PUT,10/2/19,AMT/ST TAX-EXEMPT,CASPOL
ALLEGHENY CO ARPRT-A,PA,4,1/1/46,01728LFH0,CALL/SINK,8/26/21,AMT/ST TAX-EXEMPT,ALLAPT
CROWN POINT MULTI SCH,IN,5,7/15/35,228485LG1,CALL/SINK,11/18/21,FED & ST TAX-EXEMPT,CROEDU
NJ ECON-SER B,NJ,0,2/15/24,645913BC7,AT MATURITY,6/30/97,FED TAXABLE/ST TAX-EXEMPT,NJSDEV
KNOX CO HLTH ED & HSG,TN,4,9/1/47,49952MDB9,CALL/SINK,11/17/16,FED & ST TAX-EXEMPT,KNOMED
AUSTIN CMNTY CLG-REV,TX,2.308,8/1/35,052405FZ5,CALLABLE,9/3/20,FED TAXABLE,AUSHGR
CO BRD OF GOV-B-TXBL,CO,3.981,3/1/29,196707RS4,CALLABLE,4/28/15,FED TAXABLE/ST TAX-EXEMPT,COSHGR
AMERICAN MUNI PWR-OHI,OH,5,2/15/33,02765UQN7,CALLABLE,11/3/21,FED & ST TAX-EXEMPT,AMEPWR
NEW YORK ST THRUWAY-A,NY,5,3/15/33,650028WT6,CALLABLE,7/28/21,FED & ST TAX-EXEMPT,NYSTRN
OHIO ST AIR QUALITY D,OH,5,7/1/49,67754AAF1,CALLABLE,7/11/19,AMT/ST TAX-EXEMPT,OHSDEV
CA HSG FIN AGY CTFS,CA,3.75,3/25/35,13033DAG0,AT MATURITY,9/1/21,FED & ST TAX-EXEMPT,CASHSG
CHICAGO-TXB-B-BABS,IL,7.517,1/1/40,167486MK2,SINK/MWCALL,12/14/10,FED TAXABLE/ST TAXABLE,CHI
SMITHVILLE R-II SD,MO,3,3/1/39,183513FF2,CALLABLE,11/10/20,FED & ST TAX-EXEMPT,CLASCD
IL ST AGM-CR,IL,5.1,6/1/33,452152FP1,SINKABLE,6/12/03,FED TAXABLE/ST TAXABLE,ILS
CSCDA CMNTY IMPT AUTH,CA,3,12/1/56,126292AR2,CALLABLE,6/15/21,FED & ST TAX-EXEMPT,CDAHSG
CALIFORNIA ST PUBLIC,CA,4,11/1/46,13068XDF3,CALL/SINK,11/17/21,FED & ST TAX-EXEMPT,CASFAC
DALLAS & FORT WORTH-B,TX,5,11/1/43,23503CAK3,CALLABLE,11/1/21,FED TAX-EXEMPT,DALAPT
TEXAS PUB FIN AUTH,TX,1.78,2/1/32,882669CA0,CALLABLE,12/23/20,FED TAXABLE,TXSGEN
OHIO ST-A-REV-REF,OH,3,1/15/46,67756CFE3,CALL/SINK,10/13/21,FED & ST TAX-EXEMPT,OHSMED
UNIV OF TEXAS UNIV-A,TX,5,8/15/30,91514AJW6,MW CALLABLE,4/1/20,FED TAX-EXEMPT,UNIHGR
NJ TPK AUTH -B-TXBL,NJ,1.047,1/1/26,646140DP5,AT MATURITY,2/4/21,FED TAXABLE/ST TAX-EXEMPT,NJSTRN
MISSOURI ST HLTH & ED,MO,3,6/1/53,60637ARG9,CALL/SINK,10/13/20,FED & ST TAX-EXEMPT,MOSMED
ENERGY NW ELEC REV,WA,5,7/1/41,29270C4K8,CALLABLE,5/26/21,FED TAX-EXEMPT,ENEPWR
CA HLTH FACS-A2,CA,5,11/1/47,13032UMP0,MW CALLABLE,5/3/17,FED & ST TAX-EXEMPT,CASMED
CENT PUGET TRN S/TAX,WA,4.75,2/1/28,155048BB6,CALL/SINK,12/1/98,FED TAX-EXEMPT,CEPTRN
CALIFORNIA BABS,CA,7.6,11/1/40,13063BJC7,MW CALLABLE,12/1/10,FED TAXABLE/ST TAX-EXEMPT,CAS
PORTAGE PUB SCHS,MI,2.5,11/1/45,735779PB0,CALLABLE,11/3/21,FED & ST TAX-EXEMPT,PORSCD
CALIFORNIA ST DEPT OF,CA,1.16,12/1/27,13067WRE4,MW CALLABLE,8/6/20,FED TAXABLE/ST TAX-EXEMPT,CASWTR
BENTON CO SD #17,WA,3,12/1/35,082887PV6,CALLABLE,10/2/19,FED TAX-EXEMPT,BENSCD
OCEAN VIEW SD -C,CA,2.375,8/1/50,675158ST7,CALL/SINK,10/20/21,FED & ST TAX-EXEMPT,OCVSCD
MIDDLETOWN UNIF SD-B,CA,2.5,8/1/51,596877GG9,CALL/SINK,11/30/21,FED & ST TAX-EXEMPT,MIDSCD
TX PUB FIN AUTH-A-REF,TX,5,10/1/27,882724WU7,AT MATURITY,11/18/21,FED TAXABLE,TXS
CALIFORNIA ST,CA,3,9/1/33,13063CC32,CALLABLE,3/17/16,FED & ST TAX-EXEMPT,CAS
NYC TFA FUTURE TAX,NY,4,8/1/37,64971XF60,CALLABLE,9/9/21,FED & ST TAX-EXEMPT,NYCGEN
NEW JERSEY ST TURNPIK,NJ,4,1/1/42,646140DJ9,CALLABLE,2/4/21,FED & ST TAX-EXEMPT,NJSTRN
INDIANA FIN AUTH -A,IN,4,10/1/46,45505MLS3,CALL/SINK,9/28/21,FED & ST TAX-EXEMPT,INSUTL
HOMEWOOD EDUCTNL BLDG,AL,4,12/1/43,437887HE5,CALL/SINK,11/10/21,FED & ST TAX-EXEMPT,HOMEDU
WISCONSIN ST-TXBL-REF,WI,1.902,5/1/33,97705MVS1,CALL/MWCALL,9/23/21,FED TAXABLE/ST TAXABLE,WIS
CADDO MILLS ISD-A,TX,4,8/15/53,127253UW0,CALL/SINK,11/15/21,FED TAX-EXEMPT,CADSCD
CA REF,CA,5.25,8/1/32,13062TH72,SINKABLE,4/1/07,FED & ST TAX-EXEMPT,CAS
TOBACCO SETTLEMENT-B2,IA,0,6/1/65,888805CJ5,CALLABLE,4/13/21,FED TAX-EXEMPT/ST TAXABLE,TOBGEN
OAKLAND UNIF SD-REF,CA,2.061,8/1/28,672325N45,AT MATURITY,11/3/21,FED TAXABLE/ST TAX-EXEMPT,OAKSCD
CA DEPT WTR RESOURCES,CA,5,5/1/22,13066YSX8,AT MATURITY,4/29/15,FED & ST TAX-EXEMPT,CASPWR
GEORGIA ST-TXBL-SER B,GA,2.85,2/1/33,3733845D4,CALL/MWCALL,7/7/16,FED TAXABLE/ST TAX-EXEMPT,GAS
IL ST-TXB-3-BABS,IL,6.725,4/1/35,452152FA4,SINK/MWCALL,4/26/10,FED TAXABLE/ST TAXABLE,ILS
PEFA INC GAS PROJ,IA,5,9/1/49,70556CAB0,CALL/PUT/SF/MWCALL,5/31/19,FED TAX-EXEMPT/ST TAXABLE,PEFUTL
ADAMS ELEM SCH-QSCB,IN,5.25,1/15/26,00624QBG2,MW CALLABLE,10/19/10,FED TAXABLE/ST TAX-EXEMPT,ADAEDU
ALABAMA FEDERAL AID,AL,2.156,9/1/32,010268CU2,MW CALLABLE,10/14/21,FED TAXABLE/ST TAX-EXEMPT,ALSTRN
WISCONSIN ST GEN FUND,WI,3.154,5/1/27,977100GH3,AT MATURITY,5/16/17,FED TAXABLE/ST TAXABLE,WISGEN
GOLDEN ST TOBACCO SEC,CA,3.115,6/1/38,38122NZX3,CALL/SINK,4/8/21,FED TAXABLE/ST TAX-EXEMPT,GLDGEN
MINNESOTA ST -A,MN,5,8/1/31,60412ATJ2,CALLABLE,8/25/20,FED & ST TAX-EXEMPT,MNS
CO HLTH FACS AUTH-A,CO,3,11/15/51,19648FSJ4,CALL/SINK,7/1/21,FED & ST TAX-EXEMPT,COSMED
ATLANTIC BEACH FL HLT,FL,3.25,11/15/24,048251CD2,CALLABLE,12/13/18,FED & ST TAX-EXEMPT,ATLMED
SAN ANTONIO WTR-C-REF,TX,4,5/15/33,79642GGM8,CALLABLE,10/1/19,FED TAX-EXEMPT,SANWTR
KY PPTY BLDG-BABS,KY,6.155,11/1/29,49151E4G5,SINK/MWCALL,11/17/09,FED TAXABLE/ST TAX-EXEMPT,KYSFAC
PETERSBURG -TXBL-REF,VA,2.728,11/1/36,716298RF3,CALL/SINK,12/2/21,FED TAXABLE/ST TAX-EXEMPT,PET
UNIV OF CALIFORNIA-BE,CA,4,5/15/47,91412HHG1,CALL/SINK,7/16/20,FED & ST TAX-EXEMPT,UNVHGR
NEW YORK-F-2-TXBL,NY,3.15,4/1/25,64966MYK9,MW CALLABLE,4/19/18,FED TAXABLE/ST TAX-EXEMPT,NYC
TEXAS ST TRANSPRTN CO,TX,1.383,10/1/28,882830AW2,MW CALLABLE,8/5/20,FED TAXABLE,TXSTRN
FLORIDA DOT TPK-B,FL,2,7/1/50,343137JG1,CALL/SINK,1/5/21,FED & ST TAX-EXEMPT,FLSTRN
CT ST REVOLVING FUND,CT,5,2/1/33,20775YET9,CALLABLE,7/9/19,FED & ST TAX-EXEMPT,CTSGEN
TRI-CNTY OR MET TRANS,OR,4,9/1/40,89546RSP0,CALLABLE,10/27/21,FED & ST TAX-EXEMPT,TCYTRN
CO ST HLTH FACS AUTH,CO,3.25,8/1/49,19648FKU7,CALL/SINK,8/21/19,FED & ST TAX-EXEMPT,COSMED
MANOR ISD -B-REF-TXBL,TX,2.658,8/1/41,564096M77,CALL/SINK,11/1/21,FED TAXABLE,MNRSCD
FLORIDA ST BRD OF ADM,FL,1.705,7/1/27,341271AE4,MW CALLABLE,9/16/20,FED TAXABLE/ST TAX-EXEMPT,FLSGEN
CALIFORNIA ST-TXBL-B,CA,2.65,4/1/26,13063DMA3,AT MATURITY,4/4/19,FED TAXABLE/ST TAX-EXEMPT,CAS
CMFA FIN AGY-A-1,CA,3,8/1/56,12574VAA0,CALL/SINK,8/31/21,FED TAX-EXEMPT,CMFHSG
TX TRANSPRTN COM-REF,TX,4,10/1/33,88283LKV7,SINK/MWCALL,7/1/20,FED TAXABLE,TXSTRN
CMFA SPL FIN AGY CA E,CA,3,12/1/56,12574WAD2,CALLABLE,11/30/21,FED & ST TAX-EXEMPT,CMFHSG
UNIV OF VIRGINIA-REF,VA,2.256,9/1/50,915217XF5,CALL/MWCALL,7/21/20,FED TAXABLE/ST TAX-EXEMPT,UNIHGR
CT ST-TXB-D-BABS,CT,5.09,10/1/30,20772JAC6,SINK/MWCALL,10/19/10,FED TAXABLE/ST TAX-EXEMPT,CTS
NY DORM AUTH-A,NY,5,10/1/47,64990CQE4,MW CALLABLE,3/1/17,FED & ST TAX-EXEMPT,NYSHGR
METRO OR-TXBL,OR,3.5,6/1/39,59163PKX0,CALL/SINK,5/15/19,FED TAXABLE/ST TAX-EXEMPT,MTR
AL CMNTY CLG BRD TRUS,AL,4,9/1/51,01025QAX9,CALL/SINK,9/14/21,FED & ST TAX-EXEMPT,ACCHGR
IL FIN AUTH-A-REF,IL,5,7/15/26,45204EZN1,AT MATURITY,12/19/17,FED TAX-EXEMPT/ST TAXABLE,ILSGEN
NEW YORK ST THRUWAY-A,NY,5,3/15/34,650028WU3,CALLABLE,7/28/21,FED & ST TAX-EXEMPT,NYSTRN
FRANKLIN CSD-A,OH,3,11/1/50,354172JP4,CALL/SINK,4/7/21,FED & ST TAX-EXEMPT,FRASCD
TN ENERGY,TN,5.25,9/1/26,880443BS4,SINK/MWCALL,7/20/06,FED & ST TAX-EXEMPT,TNSUTL
PENNSYLVANIA ST TURNP,PA,4,12/1/46,709225DY9,CALL/SINK,7/27/21,FED & ST TAX-EXEMPT,PASTRN
WI CENTER DT-CABS-D,WI,0,12/15/45,976595GN2,CALL/SINK,12/16/20,FED & ST TAX-EXEMPT,WISGEN
DENVER CITY CO SD #1,CO,5,12/1/38,249174XU2,CALLABLE,1/28/21,FED & ST TAX-EXEMPT,DENSCD
HAMPTON ROADS-A-BANS,VA,5,7/1/26,40934TAV5,AT MATURITY,9/23/21,FED & ST TAX-EXEMPT,HRDTRN
MILITARY INSTALLATION,UT,4,6/1/52,599772AC4,CALL/SINK,9/2/21,FED & ST TAX-EXEMPT,MILDEV
FORSYTH-A-REF,MT,3.9,3/1/31,346668DH6,CALLABLE,5/23/13,FED & ST TAX-EXEMPT,FORPOL
TRIBOROUGH BRIDGE-A-1,NY,4,5/15/46,89602HAA5,CALL/SINK,5/5/21,FED & ST TAX-EXEMPT,TRBTRN
PASCO CO SCH BRD-COPS,FL,5,8/1/42,702528MS6,CALLABLE,11/18/21,FED TAX-EXEMPT,PASEDU
CHICAGO-REF-B,IL,5.432,1/1/42,167486PG8,SINK/MWCALL,5/30/12,FED TAXABLE/ST TAXABLE,CHI
LANCASTER CO HOSP AUT,PA,5,11/1/46,514045W58,CALL/SINK,11/10/21,FED & ST TAX-EXEMPT,LANMED
CALIFORNIA ST PUBLIC,CA,5,11/1/46,13068XDG1,CALL/SINK,11/17/21,FED & ST TAX-EXEMPT,CASFAC
GRAND RIVER DAM-A-REF,OK,5,6/1/31,386442WR4,CALLABLE,11/15/16,FED & ST TAX-EXEMPT,GRRPWR
NYC TFA FUTURE TAX,NY,4,8/1/45,64971XE61,CALL/SINK,9/9/21,FED & ST TAX-EXEMPT,NYCGEN
PA HGR EDU FACS,PA,3,6/15/45,70917SZT3,CALL/SINK,9/7/16,FED & ST TAX-EXEMPT,PASHGR
UNIV OF CA-TXBL-AD,CA,4.858,5/15/12,91412GHA6,MW CALLABLE,3/1/12,FED TAXABLE/ST TAX-EXEMPT,UNVHGR
PORT AUTH NY/NJ- 158,NY,5.859,12/1/24,73358WAH7,AT MATURITY,7/1/09,FED TAXABLE/ST TAX-EXEMPT,PORTRN
UNIV OF CO ENT SYS-C4,CO,4,6/1/51,91417NCY9,CALL/SINK,11/16/21,FED & ST TAX-EXEMPT,UCOHGR
WINDLER PUB IMPT AUTH,CO,0,12/1/51,973405AH6,CALL/SINK,9/16/21,FED & ST TAX-EXEMPT,WDLGEN
MS BUSINESS FIN CORP-,MS,2.375,6/1/44,605279MK1,CALLABLE,6/15/21,FED & ST TAX-EXEMPT,MSSDEV
MA DEV FIN AGY-A,MA,5,7/15/40,57584XYD7,SINK/MWCALL,10/20/16,FED & ST TAX-EXEMPT,MASDEV
BRIDGEPORT,CT,7.64,1/15/30,108151VU2,SINKABLE,8/15/00,FED TAXABLE/ST TAX-EXEMPT,BRI
TX PUB FIN AUTH-B-REF,TX,2.754,10/1/41,882724YC5,CALLABLE,11/18/21,FED TAXABLE,TXS
ILLINOIS ST TOLL HWY,IL,5,1/1/45,452252PQ6,CALL/SINK,12/17/20,FED TAX-EXEMPT/ST TAXABLE,ILSTRN
NY ST URBAN DEV-A-REF,NY,4,3/15/39,64985TCL3,CALLABLE,10/21/21,FED & ST TAX-EXEMPT,NYSFAC
TRIBOROUGH BRIDGE-A-1,NY,5,5/15/51,89602HAB3,CALL/SINK,5/5/21,FED & ST TAX-EXEMPT,TRBTRN
MICHIGAN ST TRUNK LIN,MI,4,11/15/46,5946953A4,CALL/SINK,8/24/21,FED & ST TAX-EXEMPT,MISTRN
CSCDA CMNTY IMPT AUTH,CA,4,10/1/48,126292BK6,CALLABLE,10/26/21,FED & ST TAX-EXEMPT,CDAHSG
FORT BEND GRAND PKWY,TX,2.5,3/1/46,346832CL0,CALL/SINK,11/1/21,FED TAX-EXEMPT,FORTRN
NEW JERSEY ST TRANSPR,NJ,4.5,6/15/49,6461364Z1,CALL/SINK,1/16/19,FED & ST TAX-EXEMPT,NJSTRN
WASHINGTON ST -C,WA,5,2/1/45,93974ELY0,CALLABLE,2/25/21,FED TAX-EXEMPT,WAS
CELINA CITY SD,OH,2.875,12/1/58,151069GK1,CALL/SINK,10/28/21,FED & ST TAX-EXEMPT,CELSCD
DOUGLAS CNTY NE EDUCT,NE,3,7/1/51,259226CY2,CALL/SINK,8/24/21,FED & ST TAX-EXEMPT,DOUEDU
MET TRANS AUTH,NY,6.668,11/15/39,59259YBY4,SINK/MWCALL,1/13/10,FED TAXABLE/ST TAX-EXEMPT,MTATRN
NJ EDUCTNL FACS AUTH,NJ,5,3/1/37,646067BM9,CALLABLE,4/8/21,FED & ST TAX-EXEMPT,NJSEDU
CHICAGO BOE-BAB-TXB,IL,6.138,12/1/39,167505KH8,SINK/MWCALL,9/24/09,FED TAXABLE/ST TAXABLE,CHIEDU
UNIV OF CALIFORNIA-BD,CA,3.349,7/1/29,91412HFG3,MW CALLABLE,3/19/19,FED TAXABLE/ST TAX-EXEMPT,UNVHGR
COLORADO ST-A,CO,4,12/15/40,196711UD5,CALLABLE,6/2/21,FED & ST TAX-EXEMPT,COSCTF
GA ST RD AND TWY-A,GA,3,7/15/47,37358MFD8,CALLABLE,7/1/21,FED & ST TAX-EXEMPT,GASTRN
PANAMA CITY BEACH,FL,4,11/1/44,698148BH5,CALL/SINK,10/6/20,FED TAX-EXEMPT,PCBGEN
TN SCH BOND-TXBL,TN,3.512,11/1/27,880558FE6,CALL/MWCALL,8/27/14,FED TAXABLE/ST TAX-EXEMPT,TNSHGR
NYC TRANS FIN AUTH,NY,5,5/1/36,64971XLD8,CALLABLE,8/15/19,FED & ST TAX-EXEMPT,NYCGEN
MA SCH BLDG-A-UNREFD,MA,5,8/15/26,576000YC1,CALLABLE,8/16/12,FED & ST TAX-EXEMPT,MASEDU
PENNSYLVANIA ST TURNP,PA,4,12/1/51,709225DZ6,CALL/SINK,7/27/21,FED & ST TAX-EXEMPT,PASTRN
CELINA CITY SD,OH,2.625,12/1/46,151069GH8,CALL/SINK,10/28/21,FED & ST TAX-EXEMPT,CELSCD
LITCHFIELD PARK,AZ,4,7/1/41,536711AC8,CALL/SINK,10/14/21,FED & ST TAX-EXEMPT,LITGEN
SAN RAMON VLY SD-TXBL,CA,1.67,8/1/28,7994082H1,AT MATURITY,11/3/21,FED TAXABLE/ST TAX-EXEMPT,SRVSCD
TRINITY AREA SD,PA,4,11/1/51,896417QC9,CALL/SINK,11/30/21,FED & ST TAX-EXEMPT,TRTSCD
CA ST-TXBL-BABS,CA,7.625,3/1/40,13063BFR8,SINK/MWCALL,4/1/10,FED TAXABLE/ST TAX-EXEMPT,CAS
FL ST DOT -C,FL,3,7/1/46,343137ML6,CALL/SINK,11/9/21,FED & ST TAX-EXEMPT,FLSTRN
PORT AUTH OF NEW YORK,NY,4.823,6/1/45,73358WXP4,CALLABLE,6/1/15,FED TAXABLE/ST TAX-EXEMPT,PORTRN
NY LIBERTY DEV CORP-A,NY,2.75,11/15/41,649519DU6,CALL/SINK,9/14/21,FED & ST TAX-EXEMPT,NYCDEV
PIMA CO UNIF SD #6,AZ,4,7/1/39,721812QC2,CALLABLE,10/29/19,FED & ST TAX-EXEMPT,PIMSCD
TX PUB FIN AUTH-B-REF,TX,5,10/1/25,882724XL6,AT MATURITY,11/18/21,FED TAXABLE,TXS
NEW YORK CITY INDL,NY,3,3/1/49,64971PKM6,CALL/SINK,10/6/20,FED & ST TAX-EXEMPT,NYCDEV
MAIN STREET NATURAL G,GA,4,4/1/48,56035DAK8,CALL/PUT,2/7/18,FED & ST TAX-EXEMPT,MAIUTL
MEDFORD HOSP FACS AUT,OR,4,8/15/39,584283GY5,CALLABLE,7/21/20,FED & ST TAX-EXEMPT,MFDMED
NYC MUNI WTR FIN-AA-1,NY,3.5,6/15/48,64972GZE7,CALLABLE,7/14/21,FED & ST TAX-EXEMPT,NYCUTL
HUDSON NY YARDS INFRA,NY,4,2/15/44,44420RBF6,CALL/SINK,5/30/17,FED & ST TAX-EXEMPT,HUYGEN
MILLCREEK UT SALES,UT,2.125,6/1/51,60031TBN2,CALL/SINK,8/5/21,FED & ST TAX-EXEMPT,MLCGEN
NY ST THRUWAY AUTH PE,NY,5,3/15/31,650028WR0,AT MATURITY,7/28/21,FED & ST TAX-EXEMPT,NYSTRN
AUSTIN TX WTR & WSTWT,TX,4,11/15/40,052477MV5,CALLABLE,9/27/21,FED TAX-EXEMPT,AUSUTL
MARYLAND STADIUM AUTH,MD,4,6/1/46,574294AV6,CALL/SINK,11/2/21,FED & ST TAX-EXEMPT,MDSEDU
CAPITAL TRUST AGY FL,FL,5.875,8/1/52,140542AG6,CALL/SINK,8/29/17,FED & ST TAX-EXEMPT,CPTMED
ALLEGHENY CNTY-A-REF,PA,5,7/15/26,01728A4L7,AT MATURITY,5/30/19,FED & ST TAX-EXEMPT,ALLMED
NATIONAL CITY-TXBL,CA,3.423,11/1/42,63540QAR8,CALL/SINK,11/16/21,FED TAXABLE/ST TAX-EXEMPT,NATGEN
MAIN ST NATURAL GAS-B,GA,4,8/1/49,56035DCH3,CALL/PUT,5/9/19,FED & ST TAX-EXEMPT,MAIUTL
BROCKTON -TXBL,MA,3.038,11/1/35,111746JK0,CALLABLE,11/19/21,FED TAXABLE/ST TAXABLE,BRO
CALIFORNIA ST UNIV-B,CA,1.361,11/1/27,13077DQF2,MW CALLABLE,7/29/21,FED TAXABLE/ST TAX-EXEMPT,CASHGR
ENERGY NW-A-REF,WA,5,7/1/25,29270CP90,AT MATURITY,4/20/16,FED TAX-EXEMPT,ENEPWR
LOUISVILLE,KY,5.98,5/15/40,546589QW5,SINK/MWCALL,11/24/09,FED TAXABLE/ST TAX-EXEMPT,LOUUTL
MA CMWLTH-B,MA,3,4/1/48,57582RN77,CALLABLE,5/18/21,FED & ST TAX-EXEMPT,MAS
SAN FRANCISCO CITY-E,CA,2.825,11/1/41,79771FAA5,CALL/SINK/MWCALL,10/21/20,FED TAXABLE/ST TAX-EXEMPT,SFOWTR
DALLAS TX WTRWKS & SW,TX,3,10/1/50,23542JVL6,CALL/SINK,9/23/21,FED TAX-EXEMPT,DALUTL
PR SALES TAX FING-A1,PR,4.75,7/1/53,74529JPW9,CALL/SINK,8/1/18,FED/ST/CMWLTH TAX-EXMPT,PRCGEN
UNIV OF CALIFORNIA-AQ,CA,4.767,5/15/15,91412GC86,MW CALLABLE,4/8/15,FED TAXABLE/ST TAX-EXEMPT,UNVHGR
MASSACHUSETTS ST,MA,2.663,9/1/39,57582RYN0,SINK/MWCALL,9/12/19,FED TAXABLE/ST TAX-EXEMPT,MAS
MTA-A-BANS,NY,5,3/1/22,59260XAA6,AT MATURITY,3/19/19,FED & ST TAX-EXEMPT,MTATRN
NYC TRANS FIN AUTH,NY,4,5/1/41,64971XLJ5,CALLABLE,8/15/19,FED & ST TAX-EXEMPT,NYCGEN
WASHINGTON ST -A,WA,5,8/1/34,93974EJA5,CALLABLE,7/29/20,FED TAX-EXEMPT,WAS
MIAMI DADE HLTH FAC-A,FL,4,8/1/51,59334NFC1,CALL/SINK,11/10/21,FED TAX-EXEMPT,MIAMED
LUBBOCK-REV,TX,4,4/15/46,549203XM4,CALL/SINK,9/1/21,FED TAX-EXEMPT,LUBPWR
NY ST URBAN DEV-A-REF,NY,3,3/15/40,64985TCM1,CALLABLE,10/21/21,FED & ST TAX-EXEMPT,NYSFAC
SILICON VLY CA CLEAN,CA,3,3/1/24,82707BDG1,CALLABLE,8/14/19,FED & ST TAX-EXEMPT,SILWTR
CALIFORNIA CMNTY HSG,CA,4,8/1/46,13013FAV6,CALLABLE,7/29/21,FED & ST TAX-EXEMPT,CCHHSG
NYC MUNI WTR FIN-DD,NY,5,6/15/26,64972GYR9,AT MATURITY,3/18/21,FED & ST TAX-EXEMPT,NYCUTL
KLICKITAT CO PUD #1,WA,3,12/1/41,498622KE8,CALL/SINK,11/27/19,FED TAX-EXEMPT,KLIPWR
ANOKA-HLTH CARE REV,MN,5.125,11/1/49,03632RAH3,CALL/SINK,12/16/14,FED & ST TAX-EXEMPT,ANOMED
SAN ANTONIO -A REV,TX,5,10/1/51,796247DY7,CALL/SINK,11/30/21,FED TAX-EXEMPT,SANEDU
TX PUB FIN AUTH-B-REF,TX,1.944,10/1/31,882724XS1,AT MATURITY,11/18/21,FED TAXABLE,TXS
WI HLTH & EDL FACS-A1,WI,4.125,7/1/53,97671VAL9,CALL/SINK,7/31/18,FED TAX-EXEMPT/ST TAXABLE,WISMED
CALIFORNIA ST-REF,CA,5,9/1/30,13063DE20,AT MATURITY,9/2/21,FED & ST TAX-EXEMPT,CAS
ILLINOIS ST,IL,5.5,7/1/38,452152TC5,CALL/SINK,7/10/13,FED TAX-EXEMPT/ST TAXABLE,ILS
HOUSTON TX UTL SYS-A,TX,5,11/15/32,44244CWJ2,CALLABLE,9/1/19,FED TAX-EXEMPT,HOUUTL
NJ ECON-SER B,NJ,0,2/15/23,645913BB9,AT MATURITY,6/30/97,FED TAXABLE/ST TAX-EXEMPT,NJSDEV
UNIV OF NC CHAPEL HIL,NC,2.679,12/1/27,914713N81,MW CALLABLE,3/1/16,FED TAXABLE/ST TAX-EXEMPT,UNCHGR
SOUTH CAROLINA ST PUB,SC,4,12/1/51,837151YY9,CALL/SINK,9/2/21,FED & ST TAX-EXEMPT,SCSUTL
FORSYTH CO SD,GA,5,2/1/37,346604LF6,CALLABLE,4/14/20,FED & ST TAX-EXEMPT,FORSCD
NY ST URBAN DEV CORP-,NY,4,3/15/43,650036DH6,CALLABLE,12/23/20,FED & ST TAX-EXEMPT,NYSDEV
GA ST-A-REF,GA,4,7/1/36,373385HU0,CALLABLE,7/1/21,FED & ST TAX-EXEMPT,GAS
PR-REF-A,PR,5,7/1/35,74514LD20,CALL/SINK,4/3/12,FED/ST/CMWLTH TAX-EXMPT,PRC
ST CHARLES CO,MO,3,10/1/27,78775RCC1,AT MATURITY,10/7/20,FED & ST TAX-EXEMPT,STSGEN
MUNI ELEC-BABS-TXB,GA,7.055,4/1/57,626207YS7,SINK/MWCALL,3/16/10,FED TAXABLE/ST TAX-EXEMPT,MELPWR
REEDY CREEK FL IMPT D,FL,2.447,6/1/33,758449SE3,MW CALLABLE,2/27/20,FED TAXABLE,REEGEN
CENTRL PLAINS ENERGY,NE,5,3/1/50,154871CT2,CALL/PUT/SINK,11/27/18,FED & ST TAX-EXEMPT,CENPWR
DALLAS -REF & IMPT,TX,2.25,2/15/42,235219TP7,CALLABLE,11/18/21,FED TAX-EXEMPT,DAL
PALM BEACH CNTY FL HL,FL,3,8/15/44,69651ABL7,CALL/SINK,10/15/19,FED TAX-EXEMPT,PALMED
NJ HLTH CARE FACS FIN,NJ,3,7/1/51,645790PE0,CALL/SINK,9/15/21,FED & ST TAX-EXEMPT,NJSMED
TRI-VLY SD#49-6,SD,4,7/15/51,895761JF2,CALL/SINK,11/18/21,FED TAX-EXEMPT,TRISCD
JARRELL TX ISD,TX,4,8/15/46,471146VG2,CALLABLE,8/15/21,FED TAX-EXEMPT,JARSCD
N TEXAS MUNI WTR DT,TX,2.25,6/1/46,662842SP9,CALL/SINK,8/15/21,FED TAX-EXEMPT,NRTUTL
BARTOW DEV AUTH-REMK,GA,2.75,12/1/32,069643BJ2,PUTABLE,9/17/09,FED & ST TAX-EXEMPT,BTWPOL
MELISSA ISD,TX,2.25,2/1/46,585488XF1,CALL/SINK,7/1/21,FED TAX-EXEMPT,MELSCD
UNIV CA-AX-TXBL,CA,3.063,7/1/25,91412GU94,CALL/MWCALL,5/18/17,FED TAXABLE/ST TAX-EXEMPT,UNVHGR
AL PUB SCH-QSCB,AL,5.15,9/1/27,0106085M5,AT MATURITY,8/26/10,FED TAXABLE/ST TAX-EXEMPT,ALSHGR
MSR ENERGY,CA,7,11/1/34,55374SAH3,SINK/MWCALL,9/10/09,FED & ST TAX-EXEMPT,MSRPWR
BELLEVUE UN SD -B,CA,4,8/1/51,079113GW0,CALL/SINK,11/18/21,FED & ST TAX-EXEMPT,BVUSCD
CA MUNI FIN AUTH,CA,4,10/1/46,13048VXH6,CALL/SINK,9/29/21,FED & ST TAX-EXEMPT,CASFIN
TOLEDO LUCAS  PORT-D,OH,3,11/15/46,889251HQ0,CALL/SINK,11/15/21,FED & ST TAX-EXEMPT,TOLDEV
CLOVIS UNIF SD -TXBL,CA,3.45,6/1/51,189344FQ2,CALL/SINK,11/16/21,FED TAXABLE/ST TAX-EXEMPT,CVSEDU
RIVERSIDE PUB FIN-A,CA,4,10/1/40,76912TMU4,CALL/SINK,5/10/17,FED & ST TAX-EXEMPT,RIVGEN
STAMFORD -B,CT,4,6/15/29,852634TT1,AT MATURITY,8/10/21,FED & ST TAX-EXEMPT,STM
CT HLTH & EDUCTNL FAC,CT,5,7/1/29,20775DFH0,AT MATURITY,11/5/97,FED & ST TAX-EXEMPT,CTSHGR
PENN TNPK COMM-C-REF,PA,4,12/1/51,709225EV4,CALL/SINK,11/18/21,FED & ST TAX-EXEMPT,PASTRN
STUTTGART -B,AR,3,12/1/41,864182HB9,CALL/SINK,12/14/21,FED & ST TAX-EXEMPT,STOGEN
SALT LAKE CNTY HOSP,UT,5.125,2/15/33,795677AG8,CALL/SINK,2/1/01,FED & ST TAX-EXEMPT,SLKMED
CA ST CMNTY DEV-A,CA,4,6/1/46,13080SH72,CALL/SINK,11/17/21,FED & ST TAX-EXEMPT,CASGEN
DALLAS TX AREA RAPID,TX,3,12/1/47,235241WR3,CALL/SINK,12/1/21,FED TAX-EXEMPT,DALTRN
PR TOURIST-A-AUXILIO,PR,6,7/1/33,74527EFA1,CALL/SINK,7/7/11,FED/ST/CMWLTH TAX-EXMPT,PRCMED
NJ TRANSPRTN TRUST-A,NJ,5,12/15/34,6461364F5,CALLABLE,10/17/18,FED & ST TAX-EXEMPT,NJSTRN
N TX TOLLWAY AUTH REV,TX,5,1/1/48,66285WXZ4,CALL/SINK,11/13/18,FED TAX-EXEMPT,NRTTRN
UNIV OF CALIFORNIA CA,CA,3.706,5/15/20,913366KD1,CALL/MWCALL,3/5/20,FED TAXABLE/ST TAX-EXEMPT,UNVHGR
NY DORM-C-MEM SLOAN K,NY,5.5,7/1/23,649838JY6,SINKABLE,3/1/98,FED & ST TAX-EXEMPT,NYSHGR
ONEIDA CO LOCAL DEV,NY,5,7/1/51,682440CN0,MW CALLABLE,2/18/21,FED & ST TAX-EXEMPT,ONEDEV
MO HLTH & EDU FACS-A,MO,5,11/15/33,60637AHV7,CALLABLE,4/22/15,FED & ST TAX-EXEMPT,MOSMED
NYC MUNI WTR FIN-BB-1,NY,3,6/15/44,64972GZM9,CALLABLE,9/23/21,FED & ST TAX-EXEMPT,NYCUTL
PORT BEAUMONT TX NAV,TX,2.875,1/1/41,73360CAM6,CALL/SINK/MWCALL,8/18/21,FED AMT FOR INDIVIDUALS,PTBTRN
SALT LAKE-A-AMT,UT,5,7/1/51,795576KC0,CALL/SINK,8/5/21,AMT/ST TAX-EXEMPT,SALAPT
MARTIN CNTY FL HLTH F,FL,4,1/1/46,573903FZ9,CALL/SINK,5/9/19,FED & ST TAX-EXEMPT,MRTMED
MET PIER,IL,0,6/15/47,592248BE7,AT MATURITY,10/18/10,FED TAX-EXEMPT/ST TAXABLE,MPNFAC
NEW JERSEY ST-A,NJ,4,6/1/32,646039YS0,AT MATURITY,11/24/20,FED & ST TAX-EXEMPT,NJS
TEXAS PRIV ACTIVITY,TX,5,6/30/58,882667AN8,CALL/SINK,8/8/19,FED AMT FOR INDIVIDUALS,TXSTRN
HARRIS CO MUD#542,TX,2.75,4/1/49,41428VDC0,CALL/SINK,11/1/21,FED BQ,HARUTL
ADAMS SD #12-REF-B,CO,5,12/15/26,006449FG2,CALLABLE,12/30/14,FED & ST TAX-EXEMPT,ADASCD
ALABAMA FEDERAL AID,AL,1.956,9/1/30,010268CS7,MW CALLABLE,10/14/21,FED TAXABLE/ST TAX-EXEMPT,ALSTRN
NJ TRANSPRTN TRUST-AA,NJ,4.25,6/15/44,646136U66,CALL/SINK,11/25/14,FED & ST TAX-EXEMPT,NJSTRN
OREGON UNIV-A,OR,3.5,4/1/52,914767AF5,CALL/SINK,9/8/21,FED & ST TAX-EXEMPT,UNOHGR
NY ST URBAN DEV CORP,NY,2.625,3/15/51,64985TCY5,CALLABLE,10/21/21,FED & ST TAX-EXEMPT,NYSFAC
CALIFORNIA ST HLTH FA,CA,4,4/1/49,13032UXF0,CALL/SINK,10/28/20,FED & ST TAX-EXEMPT,CASMED
MI FIN AUTH -B-2-REF,MI,0,6/1/65,59447TM26,CALLABLE,10/15/20,FED & ST TAX-EXEMPT,MISFIN
NY MUNI WTR FIN -BB2,NY,4,6/15/42,64972GYG3,CALLABLE,12/15/20,FED & ST TAX-EXEMPT,NYCUTL
ALLEGHENY CNTY-A-REF,PA,5,7/15/30,01728A4Q6,CALLABLE,5/30/19,FED & ST TAX-EXEMPT,ALLMED
NYC -TXBL -REF -D,NY,1.723,8/1/29,64966QRN2,MW CALLABLE,1/6/21,FED TAXABLE/ST TAX-EXEMPT,NYC
NEW JERSEY ST-A,NJ,5,6/1/28,646039YM3,AT MATURITY,11/24/20,FED & ST TAX-EXEMPT,NJS
PR HWY/TRN-N-REF,PR,5.25,7/1/36,745190ZS0,SINKABLE,3/6/07,FED/ST/CMWLTH TAX-EXMPT,PRCTRN
TX WTR DEV BRD -REV,TX,4,10/15/44,8.83E+13,CALL/SINK,10/13/21,FED TAX-EXEMPT,TXSWTR
UNIV OF TEXAS TX-BOR,TX,5,8/15/49,91514AJV8,SINK/MWCALL,7/15/19,FED TAX-EXEMPT,UNIHGR
SOUTH FAYETTE TWP PA,PA,2.625,12/1/52,837803EH4,CALL/SINK,12/22/21,FED & ST TAX-EXEMPT,SOF
CALIFORNIA ST,CA,5,11/1/30,13063DWS3,AT MATURITY,9/9/20,FED & ST TAX-EXEMPT,CAS
MET NASHVILLE ARPT-A,TN,5,7/1/40,592190LV2,CALL/SINK,12/17/15,FED & ST TAX-EXEMPT,MNVAPT
SEADRIFT,TX,3,9/1/46,811723BA2,CALL/SINK,10/15/21,FED BQ,SDF
HOUSTON ARPT SYS REV,TX,2.385,7/1/31,442349ET9,CALLABLE,10/20/20,FED TAXABLE,HOUAPT
MARYLAND HLTH & HG-A,MD,5.5,1/1/46,574218T37,CALL/SINK,12/14/16,FED & ST TAX-EXEMPT,MDSMED
BATTERY PARK CITY NY,NY,5,11/1/39,07133AHX3,CALLABLE,8/6/19,FED & ST TAX-EXEMPT,BTYGEN
NEW YORK ST URBAN DEV,NY,5,3/15/35,650036BW5,CALLABLE,7/23/20,FED & ST TAX-EXEMPT,NYSDEV
CA HLTH FACS-A,CA,5,8/15/34,13032UJG4,CALLABLE,11/9/16,FED & ST TAX-EXEMPT,CASMED
CELINA CITY SD,OH,2.75,12/1/51,151069GJ4,CALL/SINK,10/28/21,FED & ST TAX-EXEMPT,CELSCD
GARLAND TX ELEC UTILI,TX,4,3/1/51,366133RT5,CALL/SINK,8/1/21,FED TAX-EXEMPT,GARPWR
WILLIAMSON CO MUD #19,TX,2.75,8/15/51,97001LMZ8,CALL/SINK,12/9/21,FED TAX-EXEMPT,WMSUTL
PORTLAND PORT-27-A,OR,4,7/1/50,735240Y23,CALL/SINK,9/30/20,AMT/ST TAX-EXEMPT,PTPAPT
COLUMBUS OH,OH,3,8/15/35,199492RB7,CALLABLE,8/4/16,FED & ST TAX-EXEMPT,COL
NEW YORK ST DORM AUTH,NY,5,1/15/27,64990GEU2,AT MATURITY,7/13/18,FED & ST TAX-EXEMPT,NYSHGR
DT OF COLUMBIA -D,DC,5,2/1/46,25476FYU6,CALL/SINK,11/30/21,FED & ST TAX-EXEMPT,DIS
PR HWY/TRN-A-NATL,PR,4.75,7/1/38,745190DH8,CALL/SINK,2/15/98,FED/ST/CMWLTH TAX-EXMPT,PRCTRN
CHICAGO BOE-A-AGM,IL,5,12/1/42,167505PM2,CALL/SINK,8/21/12,FED TAX-EXEMPT/ST TAXABLE,CHIEDU
LOUISIANA ST GO-AGM,LA,2.343,2/1/33,54628CPA4,MW CALLABLE,8/18/20,FED TAXABLE/ST TAX-EXEMPT,LASFAC
MARYLAND ST 2ND SER A,MD,5,8/1/30,574193UN6,AT MATURITY,8/25/21,FED & ST TAX-EXEMPT,MDS
TX TRANSPRTN COMM,TX,1.98,8/15/42,88283KBK3,PUT/SINK,3/1/20,FED TAXABLE,TXSTRN
PUBLIC FIN AUTH WI RE,WI,4,3/31/56,74442PTG0,CALL/SINK,10/13/21,FED AMT FOR INDIVIDUALS,PUBGEN
WESTERN MUN PWR-BABS,MN,6.77,1/1/46,958697HP2,SINK/MWCALL,12/2/10,FED TAXABLE/ST TAXABLE,WESPWR
MSR ENERGY,CA,7,11/1/34,55374SAE0,SINK/MWCALL,9/10/09,FED & ST TAX-EXEMPT,MSRPWR
DETROIT-B-1-FINL,MI,4,4/1/44,251093S84,CALL/SINK,12/10/14,FED TAXABLE/ST TAXABLE,DET
LA DEPT OF WTR-B-REF,CA,5,7/1/48,544532CN2,CALL/SINK,6/29/21,FED & ST TAX-EXEMPT,LOSUTL
CLIFTON BRD OF EDU,NJ,2,8/15/35,187099HZ2,CALLABLE,8/19/21,FED & ST TAX-EXEMPT,CLFEDU
CALIFORNIA ST,CA,5,3/1/35,13063DUC0,CALLABLE,3/19/20,FED & ST TAX-EXEMPT,CAS
SOUTH CAROLINA ST PUB,SC,4,12/1/47,837151YX1,CALL/SINK,9/2/21,FED & ST TAX-EXEMPT,SCSUTL
MET TRANSPRTN AUTH NY,NY,5,11/15/30,59261ASX6,CALLABLE,12/21/17,FED & ST TAX-EXEMPT,MTATRN
UNIV OF PITTSBURGH PA,PA,3.027,9/15/25,914805EW2,MW CALLABLE,1/17/17,FED TAXABLE/ST TAX-EXEMPT,UVPHGR
W CONTRA COSTA-QSCB,CA,6.25,8/1/30,952347YH9,MW CALLABLE,11/22/11,FED TAXABLE/ST TAX-EXEMPT,WCCSCD
CNTRL PUGET TRANSP-S1,WA,5,11/1/50,15504RGJ2,CALL/SINK,9/10/15,FED TAX-EXEMPT,CEPTRN
CHAMBERS CO IMPT DT#1,TX,2.75,9/1/48,157792QE5,CALLABLE,12/1/21,FED TAX-EXEMPT,CHAGEN
LOUISIANA ST LOCAL GO,LA,3.5,11/1/32,54628CDX7,CALLABLE,11/29/17,FED & ST TAX-EXEMPT,LASFAC
PHILADELPHIA DEV-B-ZE,PA,0,4/15/24,71781LAP4,AT MATURITY,2/3/99,FED TAXABLE/ST TAX-EXEMPT,PHIDEV
LA PORTE ISD-B-BABS,TX,4.643,2/15/27,504102YE8,CALL/SINK,9/1/10,FED TAXABLE,LPTSCD
MARICOPA USD #69-IMPT,AZ,6,7/1/26,567373YM1,CALLABLE,2/10/11,FED TAXABLE/ST TAX-EXEMPT,MARSCD
ALABAMA FEDERAL AID,AL,1.856,9/1/29,010268CR9,MW CALLABLE,10/14/21,FED TAXABLE/ST TAX-EXEMPT,ALSTRN
ALABAMA FEDERAL AID,AL,2.256,9/1/33,010268CV0,MW CALLABLE,10/14/21,FED TAXABLE/ST TAX-EXEMPT,ALSTRN
GAINESVILLE & HALL-A,GA,4,2/15/51,362762QR0,CALL/SINK,9/9/21,FED & ST TAX-EXEMPT,GAIMED
NJ HLTH CARE-A-REF,NJ,5,7/1/46,645790AW6,CALL/SINK,6/30/16,FED & ST TAX-EXEMPT,NJSMED
NEW YORK CITY TRANS,NY,5,7/15/40,64972HXV9,CALL/SINK,6/25/15,FED & ST TAX-EXEMPT,NYCFAC
LOS ANGELES USD,CA,6.758,7/1/34,544646ZR6,SINK/MWCALL,3/4/10,FED TAXABLE/ST TAX-EXEMPT,LOSSCD
JACKSONVILLE FL SPL R,FL,5,10/1/35,469487QW5,CALLABLE,9/16/20,FED & ST TAX-EXEMPT,JAC
ATLANTA GA WTR & WSTW,GA,5,11/1/39,047870PS3,CALLABLE,6/21/18,FED & ST TAX-EXEMPT,ATLUTL
MET TRANS-A-REF,NY,5,11/15/25,59259NR47,CALLABLE,10/25/12,FED & ST TAX-EXEMPT,MTATRN
MIDLAND CO HOSP-BABS,TX,6.34,5/15/29,597502BJ1,SINK/MWCALL,8/1/09,FED TAXABLE,MIDMED
DASNY-B-TXBL-REF-REV,NY,2.774,7/1/43,64990GA77,CALL/SINK,3/10/20,FED TAXABLE/ST TAX-EXEMPT,NYSHGR
BUFFALO & ERIE CNTY N,NY,4,11/1/40,11943KEA6,CALL/SINK,9/23/20,FED & ST TAX-EXEMPT,BUFDEV
CA CMNTY HSG AGY-A-1,CA,3,2/1/57,13013FBB9,CALL/MWCALL,9/14/21,FED & ST TAX-EXEMPT,CCHHSG
PORT SEATTLE IND DEV,WA,5,4/1/30,735385AC0,CALLABLE,10/3/12,FED AMT FOR INDIVIDUALS,PTSDEV
SALT LAKE-A-AMT,UT,5,7/1/29,795576JM0,AT MATURITY,8/5/21,AMT/ST TAX-EXEMPT,SALAPT
TX ST TRANSN-1ST TIER,TX,5.178,4/1/30,88283LHU3,SINK/MWCALL,8/5/10,FED TAXABLE,TXSTRN
IDAHO ST HLTH FACS AU,ID,4,3/1/51,451295C98,CALL/SINK,12/1/21,FED & ST TAX-EXEMPT,IDSMED
NY ST URBAN DEV CORP,NY,5,3/15/29,650035N38,CALLABLE,12/18/14,FED & ST TAX-EXEMPT,NYSDEV
CMFA SPL FIN AGY 7-A1,CA,3,8/1/56,12574UAA2,CALLABLE,8/19/21,FED & ST TAX-EXEMPT,CMFHSG
NY PWR TXB-SER A,NY,5.749,11/15/33,64989KFD3,SINK/MWCALL,12/18/03,FED TAXABLE/ST TAX-EXEMPT,NYSPWR
NY ENVRNMNTL-A-REF,NY,5,6/15/32,64986A2E0,CALLABLE,7/11/13,FED & ST TAX-EXEMPT,NYSWTR
PENN TNPK COMM-C-REF,PA,5,12/1/46,709225ET9,CALL/SINK,11/18/21,FED & ST TAX-EXEMPT,PASTRN
PUERTO RICO,PR,5,7/1/31,745266BC9,CALL/SINK,3/24/06,FED/ST/CMWLTH TAX-EXMPT,PRCFAC
DALLAS ISD-TXB-C-BABS,TX,6.45,2/15/35,235308RA3,CALL/SINK,11/15/10,FED TAXABLE,DALSCD
LOS ANGELES CCD-REF,CA,1.806,8/1/30,54438CYN6,SINK/MWCALL,11/10/20,FED TAXABLE/ST TAX-EXEMPT,LOSHGR
MIAMI-DADE CNTY-A,FL,5,4/1/48,59333AMY4,CALL/SINK,3/27/18,FED TAX-EXEMPT,MIAEDU
TENNERGY CORP-A,TN,4,12/1/51,880397BW3,CALL/PUT/SF/MWCALL,5/4/21,FED & ST TAX-EXEMPT,TGYPWR
FAIRFAX ECON DEV-REF,VA,5,4/1/28,30383BCF4,CALLABLE,3/16/16,FED & ST TAX-EXEMPT,FAIDEV
HARRIS CNTY TOLL-REF,TX,4,8/15/36,41423PBV8,CALLABLE,1/7/21,FED TAX-EXEMPT,HARTRN
LOS ANGELES UN SD-B,CA,1.455,7/1/26,544647FC9,AT MATURITY,11/10/21,FED TAXABLE/ST TAX-EXEMPT,LOSSCD
HARRIS CO HOUSTON -A,TX,3.125,11/15/56,413890GD0,CALL/SINK,10/9/20,FED TAX-EXEMPT,HARGEN
MILWAUKEE -A-TXBL-REF,WI,2,12/1/29,6022453Y6,AT MATURITY,11/23/21,FED TAXABLE/ST TAXABLE,MLW
NJ TPK-F-TXB,NJ,7.414,1/1/40,646139W35,SINK/MWCALL,4/28/09,FED TAXABLE/ST TAX-EXEMPT,NJSTRN
PHILADELPHIA SD-BABS,PA,6.765,6/1/40,717883KL5,SINK/MWCALL,4/6/10,FED TAXABLE/ST TAX-EXEMPT,PHISCD
SALT RVR PROJ AGRIC,AZ,4.839,1/1/41,79575DE63,SINK/MWCALL,10/7/10,FED TAXABLE/ST TAX-EXEMPT,SALPWR
MET WASHINGTON DC-B,DC,3,10/1/50,592643DG2,CALLABLE,12/19/19,FED & ST TAX-EXEMPT,METAPT
STHRN CA MET WTR DT-C,CA,5,7/1/39,59266TSQ5,CALLABLE,7/1/20,FED & ST TAX-EXEMPT,METWTR
TX ST TRANS COMM,TX,5,4/1/27,882830AF9,MW CALLABLE,7/8/20,FED TAXABLE,TXSTRN
MICHIGAN ST FIN AUTH,MI,3.084,12/1/34,59447TXW8,SINK/MWCALL,12/18/19,FED TAXABLE/ST TAX-EXEMPT,MISFIN
NEW HOPE EDU FACS-A-1,TX,5.25,1/1/42,64542PGB5,CALL/SINK,9/23/21,FED TAX-EXEMPT,NHPFAC
PORT AUTH OF NEW YORK,NY,5,9/1/33,73358W2S2,CALLABLE,8/16/19,FED & ST TAX-EXEMPT,PORTRN
CA HLTH FACS-C,CA,5,8/1/31,13032UMT2,PUTABLE,5/3/17,FED & ST TAX-EXEMPT,CASMED
CA ST DEPT VETERANS,CA,2.622,12/1/40,130658RP4,CALL/SINK,8/12/21,FED TAXABLE/ST TAX-EXEMPT,CASHSG
STAMFORD -REF -A,CT,2,8/15/34,852634TK0,CALLABLE,5/18/21,FED & ST TAX-EXEMPT,STM
MANCHESTER LOCAL SD,OH,2.625,12/1/50,562383BV0,CALL/SINK,11/24/21,FED & ST TAX-EXEMPT,MNCSCD
CALIFORNIA ST-REF,CA,5,11/1/29,13063DZN1,AT MATURITY,11/3/20,FED & ST TAX-EXEMPT,CAS
LUBBOCK EDL FACS-REF,TX,3,11/1/37,549199BM8,CALL/SINK,9/27/16,FED TAX-EXEMPT,LUBEDU
NJ TRN CAB-C-BHAC,NJ,0,12/15/31,646136TQ4,AT MATURITY,6/1/06,FED & ST TAX-EXEMPT,NJSTRN
MET TRANSPRTN AUTH-C2,NY,5.175,11/15/49,59261AG76,SINK/MWCALL,5/14/20,FED TAXABLE/ST TAX-EXEMPT,MTATRN
CLEVELAND-REV-TXBL,OH,2.64,12/1/33,186371CF5,CALL/SINK,11/17/21,FED TAXABLE/ST TAX-EXEMPT,CLEDEV
HOUSTON TX UTL SYS-C,TX,2.355,11/15/30,44244CXU6,CALL/MWCALL,9/1/19,FED TAXABLE,HOUUTL
MICHIGAN ST HOSP FIN,MI,4,11/15/47,59465HTX4,CALL/SINK,3/25/10,FED TAX-EXEMPT,MISMED
JOHNSON CO KS UNIF-A,KS,3,10/1/41,478740VR1,CALLABLE,6/3/21,FED & ST TAX-EXEMPT,JOHSCD
NJ TPK AUTH -B-TXBL,NJ,1.483,1/1/28,646140DR1,AT MATURITY,2/4/21,FED TAXABLE/ST TAX-EXEMPT,NJSTRN
WHITING -REV,IN,3,11/1/51,96634RAV4,CALLABLE,11/19/21,AMT/ST TAX-EXEMPT,WHGFAC
SARPY CO HOSP AUTH #1,NE,4,5/15/51,80372PAR7,CALL/SINK,8/23/16,FED & ST TAX-EXEMPT,SARMED
INDIANA ST FIN AUTH R,IN,3.63,3/1/39,45506D6Q3,SINK/MWCALL,11/13/19,FED TAXABLE/ST TAX-EXEMPT,INSGEN
FARMERSVILLE ISD,TX,4,2/15/51,311009KN3,CALL/SINK,7/15/21,FED TAX-EXEMPT,FRVSCD
GOLDEN ST TOBACCO -B,CA,2.246,6/1/29,38122NB35,MW CALLABLE,10/7/21,FED TAXABLE/ST TAX-EXEMPT,GLDGEN
SC JOBS ECON DEV AUTH,SC,2.729,7/1/30,83703FLY6,CALL/MWCALL,10/29/20,FED TAXABLE/ST TAX-EXEMPT,SCSMED
DUBOIS HOSP AUTH-REF,PA,3,7/15/39,263804DA1,CALL/SINK,11/3/21,FED & ST TAX-EXEMPT,DUBMED
WA MET AREA TRANSIT-A,DC,4,7/15/34,93878YBH1,CALLABLE,6/8/21,FED & ST TAX-EXEMPT,DCTTRN
CA ST CMNTY DEV-EPISC,CA,5,5/15/42,1307957T8,CALL/SINK,12/12/12,FED & ST TAX-EXEMPT,CASDEV
NW ISD-BLDG,TX,5,2/15/37,6678255S8,CALLABLE,6/1/18,FED TAX-EXEMPT,NWTSCD
CHICAGO TXB-D-RECOVER,IL,6.257,1/1/40,167486HN2,SINK/MWCALL,1/27/10,FED TAXABLE/ST TAXABLE,CHI
LAFAYETTE WTR REV,CO,2.5,12/1/51,50607CBF1,CALLABLE,12/2/21,FED & ST TAX-EXEMPT,LFYWTR
LA DEPT OF WTR-B-REF,CA,5,7/1/51,544532CP7,CALL/SINK,6/29/21,FED & ST TAX-EXEMPT,LOSUTL
TN ENERGY ACQUISITION,TN,4,5/1/48,880443HZ2,CALL/PUT/SF/MWCALL,11/7/17,FED & ST TAX-EXEMPT,TNSUTL
AZ HLTH FACS-A,AZ,4,1/1/44,040507NS0,CALL/SINK,10/22/14,FED & ST TAX-EXEMPT,AZSMED
NYC MUN WTR FIN-EE,NY,5,6/15/47,64972GCE2,CALLABLE,6/27/13,FED & ST TAX-EXEMPT,NYCUTL
NYC MUNI WTR FIN-EE2,NY,5,6/15/40,64972GSQ8,CALLABLE,3/20/19,FED & ST TAX-EXEMPT,NYCUTL
VERVE MET DIST #1-REF,CO,5,12/1/51,92538YAC7,CALL/SINK,3/25/21,FED & ST TAX-EXEMPT,VRVGEN
FULTON DEV-TXB-B-GA T,GA,6.66,11/1/30,359900LJ4,SINK/MWCALL,1/1/02,FED TAXABLE/ST TAX-EXEMPT,FULDEV
IDAHO ST HLTH FACS AU,ID,4,3/1/46,451295C80,CALL/SINK,12/1/21,FED & ST TAX-EXEMPT,IDSMED
IN FIN AUTH-REF-1,IN,5,10/1/37,45505MJT4,CALLABLE,7/6/21,FED & ST TAX-EXEMPT,INSUTL
NEW YORK ST URBAN DEV,NY,3,3/15/40,650036CB0,CALLABLE,7/23/20,FED & ST TAX-EXEMPT,NYSDEV
DASNY-SER A-GROUP B,NY,5,3/15/38,64990AGL3,CALLABLE,7/27/17,FED & ST TAX-EXEMPT,NYSHGR
GA ST RD & TOLL AUTH,GA,4,7/15/44,37358MFA4,CALLABLE,7/1/21,FED & ST TAX-EXEMPT,GASTRN
AMERN MUN PWR-B-BABS,OH,8.084,2/15/50,02765UEK6,SINK/MWCALL,12/21/10,FED TAXABLE/ST TAX-EXEMPT,AMEPWR
L A WTR/PWR-TXB-C,CA,5.516,7/1/27,544495VX9,MW CALLABLE,8/25/10,FED TAXABLE/ST TAX-EXEMPT,LOSUTL
MARYLAND ST DEPT OF T,MD,1.253,8/1/27,57421FAE7,AT MATURITY,2/25/21,FED TAXABLE/ST TAX-EXEMPT,MDSTRN
ROCK ISLAND-B-TXBL,IL,4,12/1/30,772487Q56,CALLABLE,12/23/14,FED TAXABLE/ST TAXABLE,ROC
SEATTLE HSG AUTH,WA,2.75,6/1/54,812636NM6,CALL/SINK,11/30/21,FED & ST TAX-EXEMPT,SEAHSG
CSCDA CMNTY IMPT AUTH,CA,3,3/1/57,126292BB6,CALLABLE,9/21/21,FED & ST TAX-EXEMPT,CDAHSG
CHARLOTTE-B-REV-REF,NC,5,7/1/30,161036SF6,AT MATURITY,5/6/21,AMT/ST TAX-EXEMPT,CHAAPT
CLOVIS UNIF SD -TXBL,CA,2.25,6/1/31,189344FE9,AT MATURITY,11/16/21,FED TAXABLE/ST TAX-EXEMPT,CVSEDU
LA PUB FACS AUTH,LA,3.55,6/1/51,546399MZ6,CALL/SINK,11/4/21,FED TAXABLE/ST TAX-EXEMPT,LASFAC
MEAG TXB-PLT VOGTLE,GA,6.637,4/1/57,626207YF5,SINK/MWCALL,3/11/10,FED TAXABLE/ST TAX-EXEMPT,MELPWR
MET TRANS AUTH-C1-REF,NY,4,11/15/32,59261AQD2,CALLABLE,12/14/17,FED & ST TAX-EXEMPT,MTATRN
OHIO ST WTR DEV AUTH,OH,5,6/1/44,67765QHN9,CALL/SINK,11/19/19,FED & ST TAX-EXEMPT,OHSWTR
SOUTHEAST ENERGY AUTH,AL,4,12/1/51,84136FAV9,CALL/PUT/SF/MWCALL,6/29/21,FED & ST TAX-EXEMPT,SEEPWR
VIRGINIA PUBLIC BLDG,VA,4,8/1/36,9.28E+10,CALLABLE,5/8/18,FED & ST TAX-EXEMPT,VASFAC
BLACK BELT ENERGY GAS,AL,4,10/1/49,09182RBE0,CALL/PUT/SF/MWCALL,3/6/20,FED & ST TAX-EXEMPT,BBEUTL
GA ST ROAD & TOLLWY,GA,5,6/1/32,373376DM1,CALLABLE,12/22/20,FED & ST TAX-EXEMPT,GASTRN
TEXAS ST-A-REF-TRNSPR,TX,5,10/1/44,882723TC3,CALL/SINK,12/18/14,FED TAX-EXEMPT,TXS
NYC TRANSITIONAL FIN,NY,4,11/1/35,64971XRW0,CALLABLE,9/1/20,FED & ST TAX-EXEMPT,NYCGEN
SOUTH FAYETTE TWP PA,PA,2.625,12/1/56,837803EJ0,CALL/SINK,12/22/21,FED & ST TAX-EXEMPT,SOF
ALABAMA FEDERAL AID H,AL,5,9/1/30,010268BQ2,CALLABLE,6/29/17,FED & ST TAX-EXEMPT,ALSTRN
HOUSTON CMNTY CLG SYS,TX,5,2/15/29,44236PLT3,AT MATURITY,2/11/21,FED TAXABLE,HOUHGR
PA TPK COMMISSION-A,PA,4,12/1/51,709225CD6,CALL/SINK,4/13/21,FED & ST TAX-EXEMPT,PASTRN
SARPY CO HOSP AUTH #1,NE,3,5/15/46,80372PAU0,CALL/SINK,8/23/16,FED & ST TAX-EXEMPT,SARMED
SEATTLE-REF,WA,4,8/1/32,812728WQ2,CALLABLE,6/17/21,FED TAX-EXEMPT,SEAWTR
INDIANAPOLIS LOCAL-A,IN,5,2/1/54,45528UZK0,CALL/SINK,4/4/19,FED & ST TAX-EXEMPT,INPGEN
JEFFERSON SD-B-QSCB,GA,5.27,2/1/28,47407MBG5,MW CALLABLE,7/21/11,FED TAXABLE/ST TAX-EXEMPT,JEFSCD
LAMAR CONSOL SD-A-REF,TX,4,2/15/34,513174B27,CALLABLE,11/15/21,FED TAX-EXEMPT,LAMSCD
LEXINGTON TWN-A,SC,3,4/1/46,529616FP4,CALL/SINK,10/27/21,FED & ST TAX-EXEMPT,LEXUTL
LOS ANGELES CA DEPT O,CA,5,7/1/45,544532DJ0,CALL/SINK,12/1/21,FED & ST TAX-EXEMPT,LOSUTL
NJ HLTH CARE FACS FIN,NJ,4,7/1/51,645790QD1,CALL/SINK,9/30/21,FED & ST TAX-EXEMPT,NJSMED
PUBLIC PWR GENERATION,NE,5,1/1/32,744434ED9,CALLABLE,5/25/16,FED & ST TAX-EXEMPT,PUBPWR
FL ST DEPT OF MGMT,FL,5,11/1/33,34160PES4,CALLABLE,8/19/21,FED & ST TAX-EXEMPT,FLACTF
MASSACHUSETTS ST BAY,MA,5,7/1/50,575579J57,CALL/SINK,6/11/20,FED & ST TAX-EXEMPT,MASTRN
MET TRANSPRTN-B-1,NY,5,5/15/22,59261AZB6,AT MATURITY,5/22/19,FED & ST TAX-EXEMPT,MTATRN
MONTGOMERY CO -REF -A,MD,2.8,11/1/41,613357CV2,CALLABLE,11/15/21,FED TAXABLE/ST TAXABLE,MONGEN
SC TRANSPRTN-A-REF,SC,4,10/1/33,837152VS3,CALLABLE,7/7/21,FED & ST TAX-EXEMPT,SCSTRN
FRISCO ISD-CABS-REF,TX,0,8/15/36,35880CEE0,AT MATURITY,1/15/12,FED TAX-EXEMPT,FSCSCD
NYC INDL DEV AGY-A,NY,2,1/1/38,64971PLG8,CALLABLE,2/24/21,FED & ST TAX-EXEMPT,NYCDEV
AUSTIN TX WTR & WSTWT,TX,4,11/15/38,052477MT0,CALLABLE,9/27/21,FED TAX-EXEMPT,AUSUTL
GA ST RD AND TWY-A,GA,3,7/15/50,37358MFG1,CALLABLE,7/1/21,FED & ST TAX-EXEMPT,GASTRN
MEMPHIS ELEC SYS REV,TN,3,12/1/36,586158QY6,CALLABLE,9/22/20,FED & ST TAX-EXEMPT,MEMPWR
PUB FIN AUTH-C-REF,WI,4,10/1/41,74442PTB1,PUT/SINK,10/6/21,FED TAX-EXEMPT/ST TAXABLE,PUBGEN
ATLANTA GA WTR & WSTW,GA,5,11/1/40,047870PT1,CALLABLE,6/21/18,FED & ST TAX-EXEMPT,ATLUTL
NJ TRANSPRTN AUTH-AA,NJ,5,6/15/44,646136R29,CALL/SINK,8/29/13,FED & ST TAX-EXEMPT,NJSTRN
CALIFORNIA ST-REF-B,CA,5,9/1/23,13063CYC8,AT MATURITY,11/3/15,FED & ST TAX-EXEMPT,CAS
CLOVIS UNIF SD -TXBL,CA,2.85,6/1/34,189344FH2,CALLABLE,11/16/21,FED TAXABLE/ST TAX-EXEMPT,CVSEDU
PENNSYLVANIA-1ST SER,PA,5,2/1/27,70914PZS4,CALLABLE,6/17/16,FED & ST TAX-EXEMPT,PAS
UNIV OF VIRGINIA VA U,VA,2.584,11/1/51,915217XM0,CALL/MWCALL,7/21/21,FED TAXABLE/ST TAX-EXEMPT,UNIHGR
GA ST-SER H,GA,4.503,11/1/25,373384NZ5,SINK/MWCALL,11/24/09,FED TAXABLE/ST TAX-EXEMPT,GAS
NIAGARA FALLS CSD-REF,NY,2,6/15/34,653420NC9,CALLABLE,7/9/20,FED & ST TAX-EXEMPT,NGFSCD
CALIFORNIA ST UNIV-B,CA,2.719,11/1/52,13077DRW4,SINK/MWCALL,7/29/21,FED TAXABLE/ST TAX-EXEMPT,CASHGR
ALACHUA HTLH FAC-A,FL,5,12/1/44,010685KF1,CALL/SINK,10/22/14,FED & ST TAX-EXEMPT,ALAMED
JEFFERSON CO PORT,OH,3.5,12/1/51,473318AA1,CALLABLE,9/7/21,AMT/ST TAX-EXEMPT,JPADEV
NEW JERSEY EDA-A2-TXB,NJ,6.31,7/1/26,64578JAQ9,SINK/MWCALL,9/7/07,FED TAXABLE/ST TAX-EXEMPT,NJSDEV
FRANCIS HOWELL SD,MO,3,3/1/35,7876425N3,CALLABLE,9/3/20,FED & ST TAX-EXEMPT,STSSCD
CENTRL REGL MOB AUTH,TX,3.375,1/1/41,155498EQ7,CALL/MWCALL,6/1/16,FED TAX-EXEMPT,CTXGEN
BROOMFIELD CO WTR ACT,CO,5,12/1/34,11477KCR5,CALLABLE,9/16/21,FED & ST TAX-EXEMPT,BROWTR
CENTRL FL EXPRESSWAY,FL,4,7/1/34,153476GT7,CALLABLE,4/22/21,FED TAX-EXEMPT,ORLTRN
HENDERSON PUB IMPT-B,NV,6,1/1/29,42521RBF8,CALL/SINK,6/26/14,FED TAXABLE,HENMED
TAMPA-HILLSBOROUGH CN,FL,5,7/1/47,875301FP3,CALL/SINK,9/7/17,FED TAX-EXEMPT,TAMTRN
CO MOUNTAIN CLG -COPS,CO,4,12/1/51,19652WAY6,CALL/SINK,6/8/21,FED & ST TAX-EXEMPT,CMTEDU
INDIANAPOLIS IN GAS U,IN,5,8/15/27,455398NP8,AT MATURITY,3/29/17,FED & ST TAX-EXEMPT,INPUTL
OKLAHOMA ST TURNPIKE,OK,4,1/1/48,679111ZM9,CALL/SINK,10/31/18,FED & ST TAX-EXEMPT,OKSTRN
HAWAII -TXBL-REF-GJ,HI,2.222,8/1/33,419792G91,MW CALLABLE,10/12/21,FED TAXABLE/ST TAX-EXEMPT,HIS
LOWER ALABAMA GAS DT,AL,4,12/1/50,547804AM6,CALL/PUT/SF/MWCALL,1/24/20,FED & ST TAX-EXEMPT,LWRUTL
NORFOLK REDEV & HSG-A,VA,5,1/1/49,655909CM9,CALL/SINK,3/28/19,FED & ST TAX-EXEMPT,NORDEV
PUERTO RICO CMWLTH AQ,PR,5,7/1/47,745160SJ1,CALL/SINK,12/17/20,FED & ST TAX-EXEMPT,PRCUTL
MO HLTH & EDU FACS-A,MO,4,11/15/39,60637AHX3,CALL/SINK,4/22/15,FED & ST TAX-EXEMPT,MOSMED
WACO EDU FIN CORP,TX,4,3/1/51,929833CV1,CALL/SINK,7/8/21,FED TAX-EXEMPT,WACEDU
CALIFORNIA ST UNIV-B,CA,1.674,11/1/29,13077DQH8,MW CALLABLE,7/29/21,FED TAXABLE/ST TAX-EXEMPT,CASHGR
MD HLTH&HGR EDUCTNL-D,MD,3.197,7/1/50,57421CAW4,SINK/MWCALL,7/22/20,FED TAXABLE/ST TAX-EXEMPT,MDSMED
MTA-A1-TRANSPRTN,NY,5,11/15/45,59259Y3Q0,CALL/SINK,1/22/15,FED & ST TAX-EXEMPT,MTATRN
MO HLTH & EDU FACS AU,MO,5,5/1/52,60637ATR3,PUT/SINK,4/1/21,FED & ST TAX-EXEMPT,MOSMED
TEXAS ST MUNI GAS ACQ,TX,5,12/15/29,88256HBE7,MW CALLABLE,2/25/21,FED TAX-EXEMPT,TXSUTL
CALIFORNIA-TXBL,CA,3.375,4/1/25,13063DGB8,AT MATURITY,4/25/18,FED TAXABLE/ST TAX-EXEMPT,CAS
CSCDA CMNTY IMPT AUTH,CA,3.125,8/1/56,126292AF8,CALLABLE,2/26/21,FED & ST TAX-EXEMPT,CDAHSG
NY ENERGY-C-REMK,NY,2.625,4/1/34,649845HH0,PUTABLE,8/26/04,FED & ST TAX-EXEMPT,NYSPWR
PHILADELPHIA DEV-A-RE,PA,6.35,4/15/28,71781LAM1,SINKABLE,1/15/99,FED TAXABLE/ST TAX-EXEMPT,PHIDEV
CA HLTH FACS FING,CA,2.529,6/1/35,13032UXW3,SINK/MWCALL,11/4/20,FED TAXABLE/ST TAX-EXEMPT,CASMED
NY & NJ PORT AUTH-AAA,NY,1.086,7/1/23,73358W4V3,AT MATURITY,7/8/20,FED TAXABLE/ST TAX-EXEMPT,PORTRN
MICHIGAN ST-REF,MI,5,3/15/24,594612DF7,AT MATURITY,8/12/16,FED & ST TAX-EXEMPT,MIS
NEW YORK CITY NY MUNI,NY,4,6/15/49,64972GVM3,CALL/SINK,12/12/19,FED & ST TAX-EXEMPT,NYCUTL
TARRANT CNTY TX CULTU,TX,5.25,11/15/47,87638RHV2,CALL/SINK,3/30/17,FED TAX-EXEMPT,TAREDU
TRIBORO BRIDGE-A-REF,NY,5,11/15/41,89602N5P5,CALL/SINK,1/28/16,FED & ST TAX-EXEMPT,TRBTRN
NJ ECON-SER B,NJ,0,2/15/25,645913BD5,AT MATURITY,6/30/97,FED TAXABLE/ST TAX-EXEMPT,NJSDEV
UNIV AL-A-REF,AL,5,7/1/23,914026MN6,CALLABLE,10/16/12,FED & ST TAX-EXEMPT,UALHGR
MIAMI DADE CO-B-REF,FL,2.786,10/1/37,59333NV67,CALL/MWCALL,1/7/21,FED TAXABLE/ST TAX-EXEMPT,MIAGEN
NJ TRANSPRTN TRUST-AA,NJ,4,6/15/50,6461367L9,CALL/SINK,12/15/20,FED & ST TAX-EXEMPT,NJSTRN
INDIANA FIN AUTH-REF,IN,1.4,8/1/29,455059AK1,CALL/PUT,7/30/21,FED & ST TAX-EXEMPT,INSENV
MI ST HSG DEV AUTH-A,MI,2.45,10/1/46,59465PAX6,CALL/SINK,6/23/21,FED & ST TAX-EXEMPT,MISHSG
NYC TRANSITIONAL-S-1A,NY,4,7/15/34,64972H5U2,CALLABLE,7/22/21,FED & ST TAX-EXEMPT,NYCFAC
MET TRN-BABS-TXB-TR,NY,6.687,11/15/40,59259YDC0,SINK/MWCALL,7/7/10,FED TAXABLE/ST TAX-EXEMPT,MTATRN
TEXAS ST-B-REF,TX,4,8/1/31,882724VX2,CALLABLE,9/28/21,FED TAX-EXEMPT,TXS
MA BAY TRANS-A-REF,MA,0,7/1/32,575579ZS9,CALLABLE,8/3/16,FED & ST TAX-EXEMPT,MASTRN
OR SCH BRDS-B-PENSION,OR,5.68,6/30/28,686053CT4,SINKABLE,4/21/03,FED TAXABLE/ST TAX-EXEMPT,ORSEDU
GA ST-A-REF,GA,4,7/1/38,373385HW6,CALLABLE,7/1/21,FED & ST TAX-EXEMPT,GAS
MARICOPA IDA-REF,AZ,5,7/1/35,56681NAN7,CALL/SINK,4/26/16,FED & ST TAX-EXEMPT,MAREDU
UNIV OF CALIFORNIA-H,CA,6.548,5/15/48,913366EP1,SINK/MWCALL,11/18/10,FED TAXABLE/ST TAX-EXEMPT,UNVHGR
UT-BABS-SER D,UT,4.554,7/1/24,917542QR6,SINK/MWCALL,9/29/09,FED TAXABLE/ST TAX-EXEMPT,UTS
CHICAGO BOE-QSCB,IL,6.319,11/1/29,167505NG7,MW CALLABLE,11/2/10,FED TAXABLE/ST TAXABLE,CHIEDU
PORT TXB-PENSION-C,OR,7.701,6/1/22,736679KX8,SINKABLE,11/1/99,FED TAXABLE/ST TAX-EXEMPT,POR
DASNY -TXBL-C,NY,1.748,3/15/28,64990FD76,MW CALLABLE,6/23/21,FED TAXABLE/ST TAX-EXEMPT,NYSHGR
NEW YORK ST URBAN DEV,NY,4,3/15/49,650036AP1,CALL/SINK,6/25/20,FED & ST TAX-EXEMPT,NYSDEV
PHILADELPHIA-A-REV,PA,4,8/1/45,71783MBY0,CALL/SINK,10/29/20,FED & ST TAX-EXEMPT,PHIUTL
SHAWNEE KS-A-REF,KS,2.5,12/1/51,820667G49,CALL/SINK,11/18/21,FED & ST TAX-EXEMPT,SHA
FRESNO UNIF SD-A,CA,3,8/1/51,358233BJ2,CALL/SINK,6/16/21,FED & ST TAX-EXEMPT,FRESCD
LEHIGH CO PA GEN PURP,PA,4,7/1/49,52480GDW1,CALL/SINK,11/13/19,FED & ST TAX-EXEMPT,LEHMED
NEW JERSEY ST TRANSPR,NJ,4.081,6/15/39,6461366R7,SINK/MWCALL,12/18/19,FED TAXABLE/ST TAX-EXEMPT,NJSTRN
DALLAS-FORT WORTH-A,TX,5,11/1/33,2350365J5,CALLABLE,8/1/20,FED TAX-EXEMPT,DALAPT
NEW JERSEY ST EDUCTNL,NJ,3,7/1/50,6460666L9,CALL/SINK,3/11/20,FED & ST TAX-EXEMPT,NJSEDU
LOS ANGELES UNIF SD-C,CA,3,7/1/45,544647DP2,CALLABLE,11/10/20,FED & ST TAX-EXEMPT,LOSSCD
DASNY -TXBL-C,NY,2.202,3/15/34,64990FE42,SINK/MWCALL,6/23/21,FED TAXABLE/ST TAX-EXEMPT,NYSHGR
PR SALES TAX FING-A2,PR,4.55,7/1/40,74529JPY5,CALL/SINK,8/1/18,FED TAXABLE,PRCGEN
WISCONSIN ST,WI,2.399,5/1/30,977100HC3,MW CALLABLE,2/13/20,FED TAXABLE/ST TAXABLE,WISGEN
CAMPBELL & KENTON CO,KY,2.25,8/1/46,134041MG4,CALLABLE,12/1/21,FED & ST TAX-EXEMPT,CAMUTL
CHARLOTTE-B-REV-REF,NC,4,7/1/51,161036SU3,CALL/SINK,5/6/21,AMT/ST TAX-EXEMPT,CHAAPT
LOS ANGELES USD-J-05,CA,5.981,5/1/27,544646A69,AT MATURITY,5/6/10,FED TAXABLE/ST TAX-EXEMPT,LOSSCD
NYS URBAN DEV CORP,NY,5.77,3/15/39,650035TD0,SINK/MWCALL,12/1/09,FED TAXABLE/ST TAX-EXEMPT,NYSDEV
OHIO ST UNIV-A-TXBL,OH,4.8,6/1/11,677632PA3,MW CALLABLE,10/26/11,FED TAXABLE/ST TAX-EXEMPT,OHSHGR
OREGON ST HLTH & SCI,OR,2.85,7/1/30,685869FU8,MW CALLABLE,12/19/19,FED TAXABLE/ST TAX-EXEMPT,ORSHGR
CT ST HSG-B-1-REF,CT,3.3,11/15/39,20775CU77,CALL/SINK,5/9/19,FED & ST TAX-EXEMPT,CTSHSG
NJ TPK AUTH -B-TXBL,NJ,1.813,1/1/30,646140DT7,AT MATURITY,2/4/21,FED TAXABLE/ST TAX-EXEMPT,NJSTRN
NEW MEXICO ST FIN AUT,NM,5,6/15/30,64711RMP8,AT MATURITY,8/11/21,FED & ST TAX-EXEMPT,NMSTRN
NY CITY WTR FIN-DD,NY,5,6/15/34,64972GBW3,CALLABLE,3/21/13,FED & ST TAX-EXEMPT,NYCUTL
NYC MUNI WTR FIN-BB-1,NY,4,6/15/39,64972GZK3,CALLABLE,9/23/21,FED & ST TAX-EXEMPT,NYCUTL
ALEXANDER CITY BOE-A,AL,2.625,11/1/45,014519AW2,CALL/SINK,6/24/20,FED & ST TAX-EXEMPT,ALEEDU
CALIFORNIA,CA,4,10/1/34,13063DQT8,CALLABLE,9/17/19,FED & ST TAX-EXEMPT,CAS
HAWAII -TXBL-REF-GJ,HI,1.71,8/1/28,419792G42,MW CALLABLE,10/12/21,FED TAXABLE/ST TAX-EXEMPT,HIS
NRTHRN ENERGY AUTH-A,CA,4,7/1/49,664840AD7,PUT/MWCALL,12/19/18,FED & ST TAX-EXEMPT,NCEPWR
VA HSG DEV AUTH-J,VA,3.117,11/1/51,92812WBJ2,CALL/SINK,11/9/21,FED TAXABLE/ST TAX-EXEMPT,VASHSG
ILLINOIS-BABS,IL,7.35,7/1/35,452152GS4,SINK/MWCALL,7/21/10,FED TAXABLE/ST TAXABLE,ILS
WESTCHESTER CO NY LOC,NY,3.846,11/1/50,95737TEK8,CALLABLE,9/3/20,FED TAXABLE/ST TAXABLE,WSTDEV
CINCINNATI-A-REV,OH,5,12/1/34,172311QP0,CALLABLE,11/3/21,FED & ST TAX-EXEMPT,CINWTR
EAST CENTRL TX ISD,TX,3,8/15/33,271515VJ4,CALLABLE,8/1/16,FED TAX-EXEMPT,ECXSCD
INGLEWOOD,CA,3.771,9/1/45,457074BP6,CALL/SINK,6/17/20,FED TAXABLE/ST TAX-EXEMPT,ING
ARKANSAS ST-B-REF,AR,2.05,7/1/37,041042N40,CALLABLE,9/30/20,FED TAXABLE/ST TAX-EXEMPT,ARS
HARRIS CULTURAL EDU,TX,5,11/15/26,414008BZ4,CALLABLE,5/11/16,FED TAX-EXEMPT,HARMED
MARYLAND ST-C-TXBL-RE,MD,0.95,8/1/26,574193TS7,AT MATURITY,8/5/20,FED TAXABLE/ST TAX-EXEMPT,MDS
MA CLG BLDG-B-TXB-BAB,MA,6.39,5/1/30,575832UH1,SINK/MWCALL,12/17/10,FED TAXABLE/ST TAX-EXEMPT,MASHGR
SC PUB SVC AUTH-D,SC,4.77,12/1/45,837151NP0,SINK/MWCALL,2/26/15,FED TAXABLE/ST TAX-EXEMPT,SCSUTL
FL DEV FIN CORP-A,FL,6,6/15/35,34061UBU1,CALL/SINK,11/20/15,FED & ST TAX-EXEMPT,FLSDEV
MONTGOMERY CO-B-REF,MD,2,11/1/25,613357CZ3,AT MATURITY,11/15/21,FED TAXABLE/ST TAXABLE,MONGEN
NEW JERSEY ST-A,NJ,4,6/1/31,646039YQ4,AT MATURITY,11/24/20,FED & ST TAX-EXEMPT,NJS
CALIFORNIA ST,CA,4,11/1/40,13063DXE3,CALLABLE,9/9/20,FED & ST TAX-EXEMPT,CAS
JEFFERSON CO SWR-A,AL,5.5,10/1/53,472682QJ5,CALL/SINK,12/3/13,FED & ST TAX-EXEMPT,JEFUTL
AUSTIN TX WTR & WSTWT,TX,4,11/15/51,052477MY9,CALL/SINK,9/27/21,FED TAX-EXEMPT,AUSUTL
TEXAS-B-REF,TX,5,10/1/32,882723ZU6,CALL/SINK,10/7/15,FED TAX-EXEMPT,TXS
ALBANY CAP RESOURCE,NY,4,7/1/51,012432DS6,CALL/SINK,11/12/21,FED & ST TAX-EXEMPT,ALBRES
GEORGIA ST -A,GA,4,8/1/34,373385GV9,CALLABLE,8/27/20,FED & ST TAX-EXEMPT,GAS
GLENDALE MUN PPTY-B,AZ,6.157,7/1/33,378294DM1,SINK/MWCALL,6/10/08,FED TAXABLE/ST TAX-EXEMPT,GLEDEV
GRAHAM-A-TXBL-CTFS,TX,5.35,8/15/34,384712EN1,CALL/SINK,11/1/13,FED TAXABLE,GRM
CALIFORNIA ST-TXBL,CA,1.95,10/1/31,13063DK80,AT MATURITY,11/17/21,FED TAXABLE/ST TAX-EXEMPT,CAS
OHIO ST WTR DEV AUTH,OH,5,6/1/28,67765QFY7,CALLABLE,8/22/18,FED & ST TAX-EXEMPT,OHSWTR
NYC HSG DEV CORP-F-1,NY,2.5,11/1/51,64972EYW3,CALL/SINK,6/24/21,FED & ST TAX-EXEMPT,NYCMFH
VA ST SMALL BUSINESS,VA,4,12/1/51,928103AU4,CALL/SINK,8/18/21,FED & ST TAX-EXEMPT,VBFMED
ALLEGHENY CNTY-C76,PA,5,11/1/41,01728VTH3,CALL/SINK,7/7/16,FED & ST TAX-EXEMPT,ALL
AMERN MUN PWR-A-COMB,OH,7.734,2/15/33,02765UEH3,SINK/MWCALL,12/21/10,FED TAXABLE/ST TAX-EXEMPT,AMEPWR
NJ EDUCTNL FACS AUTH,NJ,5,3/1/27,646067BB3,AT MATURITY,4/8/21,FED & ST TAX-EXEMPT,NJSEDU
PENNSYLVANIA CMWLTH,PA,3,5/1/35,70914PS45,CALLABLE,9/24/20,FED & ST TAX-EXEMPT,PAS
CULLMAN UTILS BRD-A,AL,3.75,9/1/45,230138GU7,CALL/SINK,3/12/15,FED & ST TAX-EXEMPT,CULUTL
LOUDOUN CO-A,VA,3,12/1/33,54589TKS0,CALLABLE,6/16/21,FED & ST TAX-EXEMPT,LDN
NY CNTYS TOB CAB-S-4B,NY,0,6/1/60,649441AE2,CALLABLE,11/29/05,FED & ST TAX-EXEMPT,NYSGEN
TRI-CNTY OR MET TRANS,OR,2.253,9/1/33,89546RTB0,CALL/MWCALL,10/27/21,FED TAXABLE/ST TAX-EXEMPT,TCYTRN
BEAVERTON SD #48J-REF,OR,1.693,6/15/30,938429W37,AT MATURITY,6/30/20,FED TAXABLE/ST TAX-EXEMPT,WASSCD
TACOMA CNTY SD #10-C,WA,3.082,11/1/45,720424D80,CALL/SINK,11/2/20,FED TAXABLE/ST TAX-EXEMPT,PIESCD
WISCONSIN ST-A,WI,4,5/1/40,97705MRR8,CALLABLE,6/18/20,FED TAX-EXEMPT/ST TAXABLE,WIS
WA MET AREA TRANSIT-A,DC,4,7/15/46,93878YBT5,CALL/SINK,6/8/21,FED & ST TAX-EXEMPT,DCTTRN
ILLINOIS ST-A-TXBL,IL,6,4/1/44,4521524K4,CALL/SINK,4/9/19,FED TAXABLE/ST TAXABLE,ILS
MET TRANSPRTN AUTH-A-,NY,5,2/1/23,59261AE78,AT MATURITY,1/8/20,FED & ST TAX-EXEMPT,MTATRN
MISSOURI ST HLTH & ED,MO,4,11/15/45,60637AGP1,CALL/SINK,11/20/14,FED & ST TAX-EXEMPT,MOSMED
TEMPLE CLG DT,TX,3,7/1/42,880115DB3,CALLABLE,8/31/21,FED TAX-EXEMPT,TEMHGR
PR PUB BLDG-U-REF,PR,5.25,7/1/42,745235R37,CALL/SINK,6/21/12,FED/ST/CMWLTH TAX-EXMPT,PRCFAC
PR ELEC-TXB-YY-BABS,PR,6.125,7/1/40,74526QXT4,CALL/SINK,4/29/10,FED TAXABLE/ST&PR EXMPT,PRCPWR
GLENDALE REDEV AGY-TX,CA,8.35,12/1/24,378452EV4,SINKABLE,4/12/11,FED TAXABLE/ST TAX-EXEMPT,GLEDEV
MI FIN AUTH-A1-TXBL,MI,2.862,9/1/49,59447TUF8,CALL/PUT/SINK,4/16/19,FED TAXABLE/ST TAX-EXEMPT,MISFIN
MISSISSIPPI ST DEV BK,MS,2.644,1/1/30,60534WY28,MW CALLABLE,11/21/19,FED TAXABLE/ST TAX-EXEMPT,MSSDEV
NEW JERSEY ST TRANSPR,NJ,5,12/15/26,6461366C0,AT MATURITY,12/18/19,FED & ST TAX-EXEMPT,NJSTRN
OKLAHOMA CITY ECON-A,OK,3.604,3/1/26,678553AR9,CALL/MWCALL,4/17/13,FED TAXABLE/ST TAX-EXEMPT,OKLDEV
TOBACCO SETTLEMENT-A2,IA,4,6/1/49,888805CF3,CALL/SINK,4/13/21,FED TAX-EXEMPT/ST TAXABLE,TOBGEN
CLARK CO-B,NV,3,6/15/40,181059Z25,CALLABLE,10/28/21,FED & ST TAX-EXEMPT,CLASCD
CLARKE CO CLASSIC CTR,GA,4,5/1/52,18274AAW8,CALL/SINK,11/17/21,FED & ST TAX-EXEMPT,CLCGEN
FRANKLIN CO CONV,OH,5,12/1/37,35317DAQ8,CALLABLE,12/4/19,FED & ST TAX-EXEMPT,FRAFAC
SAN DIEGO PUB FACS-A,CA,4,10/15/50,797299NX8,CALL/SINK,4/20/21,FED & ST TAX-EXEMPT,SDOFAC
CHICAGO-B-REF-TXBL,IL,6.314,1/1/44,167486SD2,SINK/MWCALL,3/24/14,FED TAXABLE/ST TAXABLE,CHI
NORWIN SD-A,PA,3,9/1/32,669543PR5,CALLABLE,11/21/17,FED & ST TAX-EXEMPT,NRWSCD
WILLIAMSON CO,TX,3,2/15/34,9698876M5,CALLABLE,2/19/20,FED TAX-EXEMPT,WIL
CONNECTICUT ST -D,CT,4,11/1/37,207758H30,CALLABLE,12/1/21,FED & ST TAX-EXEMPT,CTSGEN
MANOR ISD -B-REF-TXBL,TX,2.728,8/1/44,564096M85,CALL/SINK,11/1/21,FED TAXABLE,MNRSCD
MICHIGAN ST FIN AUTH,MI,3.384,12/1/40,59447TXX6,SINK/MWCALL,12/18/19,FED TAXABLE/ST TAX-EXEMPT,MISFIN
UNIV HOSPS & CLINICS,WI,2.9,4/1/51,915260EV1,CALL/SINK,11/4/21,FED TAX-EXEMPT/ST TAXABLE,UNVMED
ALAMEDA USD-B,CA,5,8/1/42,010824LH1,CALL/SINK,5/10/18,FED & ST TAX-EXEMPT,ALASCD
CA SCH FACS-CABS-AZUS,CA,0,8/1/49,13058RAU8,SINKABLE,1/7/10,FED & ST TAX-EXEMPT,CASEDU
CALIFORNIA-REF-TXBL,CA,4.6,4/1/38,13063DGE2,CALL/SINK,4/25/18,FED TAXABLE/ST TAX-EXEMPT,CAS
MIAMI DADE CNTY-A,FL,4,7/1/50,59333FJ35,CALL/SINK,3/16/21,FED & ST TAX-EXEMPT,MIA
N TX HWY CABS-REF-1ST,TX,0,1/1/29,66285WBU9,AT MATURITY,4/3/08,FED TAX-EXEMPT,NRTTRN
BOWLING GREEN ST UNIV,OH,4,6/1/45,102885KS8,CALL/SINK,3/3/20,FED & ST TAX-EXEMPT,BOWHGR
NEW YORK ST DORM AUTH,NY,5,3/15/36,64990AHR9,CALLABLE,3/23/18,FED & ST TAX-EXEMPT,NYSHGR
BASTROP ISD,TX,3,2/15/37,070329S24,CALLABLE,8/1/21,FED TAX-EXEMPT,BASSCD
INDIANA ST FIN AUTH R,IN,4,2/1/36,45506EDX8,CALLABLE,11/16/21,FED & ST TAX-EXEMPT,INSFIN
MASSACHUSETTS ST HSG,MA,3.1,6/1/60,57587A4V7,CALL/SINK,6/25/20,FED & ST TAX-EXEMPT,MASHSG
SAN ANTONIO WTR-C-REF,TX,4,5/15/34,79642GGP1,CALLABLE,10/1/19,FED TAX-EXEMPT,SANWTR
LEYDEN ROCK MET DT,CO,4,12/1/51,529813AW7,CALL/SINK,10/22/21,FED & ST TAX-EXEMPT,LYRFAC
RESTRUCTURED-SER A-2-,PR,4.329,7/1/40,74529JRJ6,CALL/SINK,8/1/19,FED/ST/CMWLTH TAX-EXMPT,PRCGEN
HOUSTON TX UTL SYS-C,TX,2.255,11/15/29,44244CXT9,MW CALLABLE,9/1/19,FED TAXABLE,HOUUTL
MULTNOMAH DEFD INT,OR,0,6/1/29,625506HX1,AT MATURITY,12/8/99,FED TAXABLE/ST TAX-EXEMPT,MUL
WYANDOTTE GOVT TXB-,KS,6.75,12/1/27,98267LAB1,SINKABLE,1/15/99,FED TAXABLE/ST TAX-EXEMPT,WYAGEN
RIVERSIDE CO TRANS-B1,CA,3,6/1/49,76912DBA5,CALL/SINK,10/14/21,FED & ST TAX-EXEMPT,RIVTRN
TRIBOROUGH BRID-C-1A,NY,4,5/15/46,89602HBE6,CALL/SINK,9/30/21,FED & ST TAX-EXEMPT,TRBTRN
TRIBOROUGH BRIDGE-C-1,NY,5,11/15/27,89602RCH6,AT MATURITY,11/17/17,FED & ST TAX-EXEMPT,TRBTRN
ARLINGTON HGR EDU FIN,TX,3,8/15/38,041806WB2,CALLABLE,11/1/19,FED TAX-EXEMPT,ARLEDU
MET WA DC ARPTS-A,DC,5,10/1/53,592643CC2,CALL/SINK,5/22/14,FED & ST TAX-EXEMPT,METAPT
NEW JERSEY ST-A,NJ,3,6/1/32,646039YR2,AT MATURITY,11/24/20,FED & ST TAX-EXEMPT,NJS
SAN JOSE CA-A,CA,5,9/1/51,798135M48,CALLABLE,7/29/21,FED & ST TAX-EXEMPT,SJS
HAWAII ST -TXBL,HI,1.71,10/1/28,419792B39,MW CALLABLE,10/12/21,FED TAXABLE/ST TAX-EXEMPT,HIS
SONOMA PENSION OBLIG,CA,6,12/1/29,835574CB8,SINK/MWCALL,9/1/10,FED TAXABLE/ST TAX-EXEMPT,SONGEN
CT HLTH & ED-A-YALE,CT,5,7/1/28,20774YQS9,CALLABLE,6/23/14,FED & ST TAX-EXEMPT,CTSMED
MASSACHUSETTS ST-A,MA,5.25,4/1/47,57582RMX1,CALL/SINK,4/13/17,FED & ST TAX-EXEMPT,MAS
MONTANA FAC FIN AUTH,MT,3,6/1/50,61204MDP9,CALL/SINK,7/14/21,FED & ST TAX-EXEMPT,MTSMED
NORTH CAROLINA,NC,5,1/1/49,65830RCT4,CALL/SINK,12/17/19,FED & ST TAX-EXEMPT,NCSTRN
N ROYALTON SD,OH,4,12/1/41,662055KR2,CALLABLE,8/15/17,FED & ST TAX-EXEMPT,NRYSCD
YSLETA TX ISD,TX,4,8/15/52,98816PCU4,CALL/SINK,1/1/20,FED TAX-EXEMPT,YSLSCD
NEW YORK NY,NY,5,8/1/27,64966MPE3,AT MATURITY,8/10/17,FED & ST TAX-EXEMPT,NYC
CA CMNTY HSG AGY-A-1,CA,4,2/1/56,13013FAL8,CALLABLE,3/31/21,FED & ST TAX-EXEMPT,CCHHSG
NYC MUNI WTR FIN-BB,NY,5,6/15/46,64972GDE1,CALLABLE,11/21/13,FED & ST TAX-EXEMPT,NYCUTL
PIGEON FORGE-B-REF,TN,5,6/1/31,721014PG7,CALLABLE,9/10/21,FED & ST TAX-EXEMPT,PIG
CALIFORNIA ST DEPT OF,CA,1.409,12/1/29,13067WRG9,MW CALLABLE,8/6/20,FED TAXABLE/ST TAX-EXEMPT,CASWTR
NY ST URBAN DEV CORP,NY,3,3/15/50,64985TCX7,CALLABLE,10/21/21,FED & ST TAX-EXEMPT,NYSFAC
TX WTR DEV BRD-A,TX,5,10/15/47,882854B84,CALL/SINK,10/12/17,FED TAX-EXEMPT,TXSWTR
HI-ARPTS SYS REV,HI,5,7/1/23,419794YX4,CALLABLE,10/4/11,AMT/ST TAX-EXEMPT,HISAPT
WYANDOTTE GOVT ZERO,KS,0,12/1/27,98267LAT2,SINKABLE,1/22/99,FED & ST TAX-EXEMPT,WYAGEN
FAIRFAX CNTY VA ECON,VA,1.783,10/1/28,30382LFM5,MW CALLABLE,11/23/21,FED TAXABLE/ST TAX-EXEMPT,FAIDEV
NEW YORK CITY NY TRAN,NY,5,5/1/34,64971XTW8,CALLABLE,9/24/20,FED & ST TAX-EXEMPT,NYCGEN
DASNY -A-REF,NY,5,3/15/27,64990FZF4,AT MATURITY,3/25/21,FED & ST TAX-EXEMPT,NYSHGR
DENVER CITY CO SD #1,CO,4,12/1/37,249174XT5,CALLABLE,1/28/21,FED & ST TAX-EXEMPT,DENSCD
LOS ANGELES DEPT ARPT,CA,0.848,5/15/26,544445TV1,MW CALLABLE,2/17/21,FED TAXABLE/ST TAX-EXEMPT,LOSAPT
TULSA,OK,3,4/1/30,899645ZB4,CALLABLE,4/1/16,FED & ST TAX-EXEMPT,TUL
BIRMINGHAM -TXBL -REF,AL,2.45,3/1/34,09088RV29,CALLABLE,11/18/21,FED TAXABLE/ST TAX-EXEMPT,BIR
COBB CNTY GA DEV AUTH,GA,2.5,7/15/46,19078VCZ9,CALL/SINK,12/17/20,FED & ST TAX-EXEMPT,COBDEV
HAWAII -TXBL-REF-GJ,HI,1.892,8/1/29,419792G59,MW CALLABLE,10/12/21,FED TAXABLE/ST TAX-EXEMPT,HIS
LANCASTER CO HOSP AUT,PA,5,11/1/51,514045W66,CALL/SINK,11/10/21,FED & ST TAX-EXEMPT,LANMED
CALIFORNIA ST-REF,CA,5,4/1/32,13063DLL0,AT MATURITY,3/14/19,FED & ST TAX-EXEMPT,CAS
NYC HSG DEV CORP-F-1,NY,2.1,11/1/36,64972EYT0,CALL/SINK,6/24/21,FED & ST TAX-EXEMPT,NYCMFH
NORTHSTAR SVCS-CFD #1,CA,5,9/1/37,66704PBE3,CALL/SINK,12/20/06,FED & ST TAX-EXEMPT,NSTFAC
PR INFRA-RF-C,PR,5.5,7/1/26,745220FR9,AT MATURITY,6/16/05,FED/ST/CMWLTH TAX-EXMPT,PRCFAC
SAN FRANCISCO CITY-D1,CA,4,6/15/43,79773KGQ1,CALLABLE,8/5/21,FED & ST TAX-EXEMPT,SFO
BROCKTON -TXBL,MA,2.708,11/1/32,111746JG9,CALLABLE,11/19/21,FED TAXABLE/ST TAXABLE,BRO
NYC TRANS FIN AUTH-F2,NY,3.05,5/1/27,64971W6D7,MW CALLABLE,6/29/17,FED TAXABLE/ST TAX-EXEMPT,NYCGEN
SALES TAX SECURTZTN-C,IL,5.25,1/1/48,79467BCK9,CALL/SINK,12/4/18,FED TAX-EXEMPT/ST TAXABLE,STSGEN
BLACK BELT ENERGY GAS,AL,4,10/1/52,09182TAF4,CALL/PUT/SINK,9/24/21,FED & ST TAX-EXEMPT,BBEUTL
CALIFORNIA ED-T3-STAN,CA,5,3/15/26,130178JL1,MW CALLABLE,9/6/07,FED & ST TAX-EXEMPT,CASEDU
LEHIGH CO PA GEN PURP,PA,5,7/1/44,52480GDU5,CALL/SINK,11/13/19,FED & ST TAX-EXEMPT,LEHMED
MANCHESTER LOCAL SD,OH,2.375,12/1/45,562383BT5,CALL/SINK,11/24/21,FED & ST TAX-EXEMPT,MNCSCD
MASSACHUSETTS ST-A,MA,5,7/1/24,57582RWE2,AT MATURITY,1/17/19,FED & ST TAX-EXEMPT,MAS
MET GOVT NASHVILLE &,TN,4,6/1/51,59211SAA7,CALL/SINK,11/18/21,FED & ST TAX-EXEMPT,METDEV
ARAB WTR WRKS BRD-B,AL,2,8/1/25,038447NX2,AT MATURITY,8/31/21,FED TAXABLE/ST TAX-EXEMPT,ARAUTL
BAY AREA TOLL AUTH,CA,5,10/1/54,072024TY8,CALL/SINK,12/18/14,FED & ST TAX-EXEMPT,BAYTRN
CONNECTICUT ST-A,CT,5,10/15/25,20772JRB0,CALLABLE,10/24/13,FED & ST TAX-EXEMPT,CTS
MI FIN AUTH-A-REF,MI,5,12/1/47,59447TQV8,CALL/SINK,12/21/17,FED & ST TAX-EXEMPT,MISFIN
OHIO ST HOSP FAC-B,OH,5,1/1/30,677561LX8,AT MATURITY,10/5/21,FED & ST TAX-EXEMPT,OHSMED
IN MUNI PWR AGY-REF-A,IN,5,1/1/32,454898VK0,CALLABLE,12/7/17,FED & ST TAX-EXEMPT,INSPWR
LOUISIANA ST OFFSHORE,LA,1.65,9/1/34,546510FR4,PUTABLE,8/29/13,FED & ST TAX-EXEMPT,LASTRN
MA FED HWY-A,MA,5,6/15/27,57583PGE3,CALLABLE,12/10/14,FED & ST TAX-EXEMPT,MASTRN
MISSOULA CO SD #7,MT,3,7/1/48,605818CP6,CALLABLE,12/22/20,FED & ST TAX-EXEMPT,MISSCD
MULTNOMAH SD #1J-TXBL,OR,2.15,6/30/35,625517MV6,CALLABLE,7/15/21,FED TAXABLE/ST TAX-EXEMPT,MULSCD
PHILADELPHIA PA SD-A,PA,4,9/1/46,717883YS5,CALL/SINK,11/4/21,FED & ST TAX-EXEMPT,PHISCD
SC PUB SVC AUTH-E,SC,5,12/1/48,837151JG5,CALL/SINK,10/4/13,FED & ST TAX-EXEMPT,SCSUTL
NATIONAL FIN AUTH NH,NH,3,8/15/51,63609XAW0,CALL/SINK,11/23/21,FED & ST TAX-EXEMPT,NHAMED
STOCKTON PENSION-A,CA,5.365,9/1/26,861361AB9,SINK/MWCALL,4/5/07,FED TAXABLE/ST TAX-EXEMPT,STOGEN
SUFFOLK CO-A-REF,NY,4,2/1/24,86476PTY4,AT MATURITY,4/25/17,FED & ST TAX-EXEMPT,SFK
AZ HLTH FACS AUTH-B,AZ,0.29,1/1/46,040507QA6,CALL/PUT/SINK,11/5/15,FED & ST TAX-EXEMPT,AZSMED
N TX TOLL AUTH-A-REF,TX,5,1/1/27,66285WSF4,CALLABLE,6/1/16,FED TAX-EXEMPT,NRTTRN
TRIBOROUGH BRIDGE-C-3,NY,4,5/15/51,89602HBY2,CALL/SINK,9/30/21,FED & ST TAX-EXEMPT,TRBTRN
ALABAMA PUB SCH & CLG,AL,5,11/1/28,010609FG5,AT MATURITY,11/4/20,FED & ST TAX-EXEMPT,ALSHGR
NEW YORK ST DORM AUTH,NY,5,7/1/51,65000BDM7,CALL/SINK,7/29/21,FED & ST TAX-EXEMPT,NYSHGR
MD ECO DEV CORP -TXBL,MD,3.997,4/1/34,57422LAA1,CALL/SINK/MWCALL,6/29/21,FED TAXABLE/ST TAX-EXEMPT,MDSDEV
MN -A -BID GROUP 2,MN,4,9/1/38,60412AWT6,CALLABLE,9/23/21,FED & ST TAX-EXEMPT,MNS
PUERTO RICO PUB FIN-A,PR,5.1,8/1/26,745291VH4,CALL/SINK,6/28/12,FED TAXABLE/ST&PR EXMPT,PRCGEN
LAKEWOOD OH,OH,4,12/1/46,512606T61,CALL/SINK,3/23/21,FED & ST TAX-EXEMPT,LKW
NEW JERSEY ST-A,NJ,5,6/1/29,646039YN1,AT MATURITY,11/24/20,FED & ST TAX-EXEMPT,NJS
PR INDL-A-UNIV PLAZA,PR,5,7/1/33,74528NAU1,CALL/SINK,12/1/00,FED/ST/CMWLTH TAX-EXMPT,PRCPOL
LOS ANGELES-A,CA,5,7/1/22,5446465F5,AT MATURITY,5/25/17,FED & ST TAX-EXEMPT,LOSSCD
MASSACHUSETTS ST,MA,2.029,7/1/35,57582RG26,CALL/MWCALL,7/9/20,FED TAXABLE/ST TAX-EXEMPT,MAS
MICHIGAN ST -B -REV,MI,5,11/15/33,594695Z68,CALLABLE,9/10/20,FED & ST TAX-EXEMPT,MISTRN
BETHEL SD #403-REF,WA,4,12/1/39,720611ZD7,CALLABLE,11/17/21,FED TAX-EXEMPT,PIESCD
GOLDEN ST TOBACCO -B,CA,2.346,6/1/30,38122NB43,MW CALLABLE,10/7/21,FED TAXABLE/ST TAX-EXEMPT,GLDGEN
IL TOLL HWY AUTH-A,IL,5,12/1/32,452252LG2,CALLABLE,1/14/16,FED TAX-EXEMPT/ST TAXABLE,ILSTRN
VA RES AUTH-REF-C,VA,3,11/1/35,92818MSU5,CALLABLE,11/15/17,FED & ST TAX-EXEMPT,VASGEN
ALABAMA PUB SCH & CLG,AL,5,11/1/29,010609FH3,AT MATURITY,11/4/20,FED & ST TAX-EXEMPT,ALSHGR
POWAY USD-CABS-IMPT,CA,0,8/1/38,738850RD0,AT MATURITY,8/11/11,FED & ST TAX-EXEMPT,POWSCD
UNIV CA RGTS-J,CA,5,5/15/43,913366GF1,CALL/SINK,8/21/13,FED & ST TAX-EXEMPT,UNVHGR
ATLANTA ARPT-B-REF,GA,5,7/1/32,04780MYU7,CALLABLE,10/6/21,FED & ST TAX-EXEMPT,ATLAPT
IN FIN AUTH-REF-1,IN,4,10/1/35,45505MJR8,CALLABLE,7/6/21,FED & ST TAX-EXEMPT,INSUTL
NY ST URBAN DEV-E-2,NY,4,3/15/38,650036DC7,CALLABLE,12/23/20,FED & ST TAX-EXEMPT,NYSDEV
SUNFIELD TX MUD #3-A,TX,2.625,9/1/43,867342JZ1,CALL/SINK,11/1/21,FED TAX-EXEMPT,SUNUTL
TX ST TRANSN-1ST TIER,TX,5.028,4/1/26,88283LHT6,SINK/MWCALL,8/5/10,FED TAXABLE,TXSTRN
ATTLEBORO,MA,2.5,11/1/51,0498437L3,CALL/SINK,11/1/21,FED & ST TAX-EXEMPT,ATT
CA ST DEPT OF WTR,CA,5,12/1/34,13067WSB9,CALLABLE,8/6/20,FED & ST TAX-EXEMPT,CASWTR
CELINA CITY SD,OH,2.375,12/1/41,151069GG0,CALL/SINK,10/28/21,FED & ST TAX-EXEMPT,CELSCD
MIAMI DADE CO -C -REV,FL,4,4/1/35,59333NP80,CALLABLE,9/30/20,FED & ST TAX-EXEMPT,MIAGEN
MIAMI-DADE CNTY FL AV,FL,3.862,10/1/29,59333P3R7,CALLABLE,8/30/18,FED TAXABLE/ST TAX-EXEMPT,MIATRN
9TH AVENUE MET DIST N,CO,5,12/1/48,65448PAA5,CALL/SINK,12/19/18,FED & ST TAX-EXEMPT,NINDEV
SACRAMENTO WTR SER B,CA,0.63,6/1/34,78615RCU5,CALL/SINK/MWCALL,5/9/07,FED & ST TAX-EXEMPT,SACWTR
ALABAMA FEDERAL AID,AL,2.056,9/1/31,010268CT5,MW CALLABLE,10/14/21,FED TAXABLE/ST TAX-EXEMPT,ALSTRN
CALIFORNIA-C-REF,CA,3.375,9/1/33,13063CYP9,CALLABLE,11/3/15,FED & ST TAX-EXEMPT,CAS
LEAVENWORTH CO USD,KS,2.87,9/1/38,522226JE0,SINKABLE,9/24/19,FED TAXABLE/ST TAX-EXEMPT,LEASCD
FLORIDA ST-A,FL,3.125,7/1/35,3411502N9,CALLABLE,7/27/17,FED & ST TAX-EXEMPT,FLS
FORT BEND CO MUD #182,TX,2.75,9/1/46,34682BGH6,CALLABLE,12/1/21,FED TAX-EXEMPT,FORUTL
HAMDEN-TXBL,CT,5.2,8/15/44,4067922U4,CALL/SINK,3/10/15,FED TAXABLE/ST TAX-EXEMPT,HAM
NASSAU CO INTERIM-A,NY,4,11/15/32,631663QW4,CALLABLE,2/17/21,FED & ST TAX-EXEMPT,NASGEN
CYPRESS-FAIRBANKS ISD,TX,3,2/15/45,232769GQ6,CALL/SINK,7/1/20,FED TAX-EXEMPT,CYSSCD
FL DEV FIN CORP-A-REF,FL,4,6/1/46,34061WBM5,CALL/SINK,8/5/21,FED & ST TAX-EXEMPT,FLSHSG
ID HSG-FED HWY-BABS,ID,6.348,7/15/28,45129WKB5,SINK/MWCALL,1/28/10,FED TAXABLE/ST TAX-EXEMPT,IDSHSG
MINNEAPOLIS -REV,MN,4,11/15/36,60374VER0,CALLABLE,11/10/21,FED & ST TAX-EXEMPT,MINMED
CALIFORNIA ST MUNI FI,CA,5,6/30/25,13048VBD9,AT MATURITY,6/8/18,AMT/ST TAX-EXEMPT,CASFIN
HOUSTON-A-AMT-REV,TX,4,7/1/41,442349FW1,CALLABLE,6/22/21,FED AMT FOR INDIVIDUALS,HOUAPT
MET TRANSPRTN-C-1,NY,5.25,11/15/55,59261AG50,CALL/SINK,5/14/20,FED & ST TAX-EXEMPT,MTATRN
OH WTR DEV AUTH-A,OH,5,6/1/30,67766WXY3,CALLABLE,4/20/17,FED & ST TAX-EXEMPT,OHSPOL
ST OF ILLINOIS -A-REV,IL,4,6/15/30,452227RQ6,AT MATURITY,9/8/21,FED TAX-EXEMPT/ST TAXABLE,ILSGEN
KS ST DEV EMPLOYEES-C,KS,5.371,5/1/26,485428ZX7,SINK/MWCALL,3/10/04,FED TAXABLE/ST TAXABLE,KSSDEV
CLIFTON HGR EDU FIN-T,TX,0.75,8/15/50,187145LQ8,PUT/SINK,3/25/21,FED TAXABLE,CLIEDU
DOUGLAS CNTY NE EDUCT,NE,4,7/1/46,259226CX4,CALL/SINK,8/24/21,FED & ST TAX-EXEMPT,DOUEDU
LA ENERGY & PWR-A,LA,2.082,6/1/30,546462EM0,MW CALLABLE,9/2/21,FED TAXABLE/ST TAX-EXEMPT,LASPWR
MASSACHUSETTS ST DEV,MA,4,7/1/45,57584YN21,CALL/SINK,6/9/21,FED & ST TAX-EXEMPT,MASDEV
NEW YORK CITY-D-BABS,NY,5.985,12/1/36,64966HTX8,SINK/MWCALL,12/17/09,FED TAXABLE/ST TAX-EXEMPT,NYC
PHILADELPHIA INDL DEV,PA,5,6/15/49,71781XFW8,CALL/SINK,8/15/19,FED & ST TAX-EXEMPT,PHIDEV
SAINT LOUIS CO-F-REF,MO,2,12/1/31,791526TP1,CALLABLE,10/28/21,FED & ST TAX-EXEMPT,STLGEN
UNIV OF N DAKOTA,ND,3,6/1/61,914724CT4,CALL/SINK,8/26/21,FED & ST TAX-EXEMPT,UNVCTF
ALVIN ISD -REF,TX,3,2/15/40,022447S49,CALLABLE,8/1/20,FED TAX-EXEMPT,AVNSCD
ILLINOIS ST-B,IL,5,3/1/24,452153AZ2,AT MATURITY,3/24/21,FED TAX-EXEMPT/ST TAXABLE,ILS
MASSACHUSETTS ST DEPT,MA,5,1/1/31,57563CEP3,CALLABLE,10/23/19,FED & ST TAX-EXEMPT,MASTRN
MA DEV FIN AGY-A,MA,4,7/15/36,57584XYC9,CALLABLE,10/20/16,FED & ST TAX-EXEMPT,MASDEV
PITTSBURGH-B-REF,PA,0.97,9/1/25,725209NZ9,AT MATURITY,8/27/20,FED TAXABLE/ST TAX-EXEMPT,PIT
CALIFORNIA ST,CA,4,3/1/36,13063DUD8,CALLABLE,3/19/20,FED & ST TAX-EXEMPT,CAS
CT ST-SER A,CT,5.85,3/15/32,20772GF45,SINK/MWCALL,4/30/08,FED TAXABLE/ST TAX-EXEMPT,CTS
HOLLYWOOD -REV-REF,FL,4,10/1/35,436212FH2,CALLABLE,10/29/20,FED & ST TAX-EXEMPT,HOLUTL
KAUFMAN CO MUD #5,TX,2.5,3/1/45,48618LFQ4,CALL/SINK,3/1/20,FED TAX-EXEMPT,KAUUTL
ROCKFORD ISD#883-B,MN,2,2/1/29,773352NN5,AT MATURITY,11/17/21,FED & ST TAX-EXEMPT,RKFSCD
UNIV OF MICHIGAN,MI,5,4/1/42,914455QZ6,CALL/SINK,1/25/17,FED & ST TAX-EXEMPT,UNVHGR
CALIFORNIA ST-REF,CA,5,10/1/27,13063DG93,AT MATURITY,9/22/21,FED & ST TAX-EXEMPT,CAS
MARYLAND ST -C -REF,MD,5,8/1/24,574193SU3,AT MATURITY,3/18/20,FED & ST TAX-EXEMPT,MDS
NYC MUNI WTR FIN-DD,NY,5,6/15/31,64972GYU2,AT MATURITY,3/18/21,FED & ST TAX-EXEMPT,NYCUTL
N COAST CO WTR DT-COP,CA,4,10/1/41,658648AR1,CALL/SINK,11/23/21,FED & ST TAX-EXEMPT,NCTWTR
RIALTO USD-TXB-B-QSCB,CA,5.28,8/1/25,762494PZ9,CALL/SINK,3/17/11,FED TAXABLE/ST TAX-EXEMPT,RIASCD
CALIFORNIA,CA,4,10/1/36,13063DQV3,CALLABLE,9/17/19,FED & ST TAX-EXEMPT,CAS
NEWPORT PORT-TXBL-REF,OR,2.996,8/1/29,734876BB0,AT MATURITY,12/17/19,FED TAXABLE/ST TAX-EXEMPT,PTNGEN
UNIV OF OREGON,OR,5,4/1/50,914767AD0,CALL/SINK,3/19/20,FED & ST TAX-EXEMPT,UNOHGR
CHANNELVIEW ISD,TX,2,8/15/38,159195ZJ8,CALLABLE,2/1/21,FED TAX-EXEMPT,CNLSCD
KAUKAUNA ELEC-A,WI,3.75,12/15/37,486296NX0,CALL/SINK,3/8/17,FED TAX-EXEMPT/ST TAXABLE,KAUPWR
PHILADELPHIA-A,PA,5,5/1/30,717813YR4,AT MATURITY,8/11/21,FED & ST TAX-EXEMPT,PHI
SAN RAMON VLY SD-TXBL,CA,1.914,8/1/30,7994082K4,AT MATURITY,11/3/21,FED TAXABLE/ST TAX-EXEMPT,SRVSCD
ALASKA ST-A,AK,5,8/1/38,0117705B6,CALLABLE,8/5/20,FED & ST TAX-EXEMPT,AKS
HAWAII ST-GB,HI,0.852,10/1/25,419792ZL3,MW CALLABLE,10/29/20,FED TAXABLE/ST TAX-EXEMPT,HIS
NY DORM INC TAX-A,NY,5,12/15/24,64990EDF1,CALLABLE,6/28/12,FED & ST TAX-EXEMPT,NYSHGR
NEW YORK ST THRUWAY A,NY,5.25,1/1/56,650010BD2,CALL/SINK,5/12/16,FED & ST TAX-EXEMPT,NYSTRN
CA MUNI FIN AUTH,CA,4,10/1/49,13048VXK9,CALL/SINK,9/29/21,FED & ST TAX-EXEMPT,CASFIN
CALIFORNIA ST-REF,CA,5,8/1/36,13063DHQ4,CALLABLE,9/18/18,FED & ST TAX-EXEMPT,CAS
COLBERT CO-WARRANTS,AL,2.625,10/1/51,192666HC2,CALL/SINK,10/28/21,FED & ST TAX-EXEMPT,CBT
NYC MUNI WTR FIN-AA-1,NY,5,6/15/48,64972GZD9,CALLABLE,7/14/21,FED & ST TAX-EXEMPT,NYCUTL
SAN ANTONIO TX WTR RE,TX,4,5/15/38,79642GHN5,CALLABLE,1/1/20,FED TAX-EXEMPT,SANWTR
DALLAS-FT WORTH-A-REF,TX,3,11/1/40,2350367T1,CALLABLE,11/1/21,FED TAX-EXEMPT,DALAPT
HENNEPIN CO -A,MN,5,12/1/37,425507JX9,CALLABLE,9/24/20,FED & ST TAX-EXEMPT,HEN
IRVING -TXBL,TX,2.98,9/15/41,4637778V7,CALL/SINK,12/15/21,FED TAXABLE,IRV
MASS ST -SER D,MA,4.5,8/1/31,57582PWH9,SINK/MWCALL,8/26/10,FED TAXABLE/ST TAX-EXEMPT,MAS
MA CMWLTH -C,MA,3,3/1/48,57582RA89,CALLABLE,3/3/20,FED & ST TAX-EXEMPT,MAS
MA HSG FIN AGY -REF,MA,4,12/1/40,57587AGX0,CALL/SINK,3/26/15,FED & ST TAX-EXEMPT,MASHSG
OCEANSIDE UNIF SD -A,CA,4,8/1/51,675383UP6,CALL/SINK,8/17/21,FED & ST TAX-EXEMPT,OCESCD
ALABAMA PUB SCH & CLG,AL,5,11/1/34,010609FN0,CALLABLE,11/4/20,FED & ST TAX-EXEMPT,ALSHGR
BLACK BELT ENERGY GAS,AL,4,12/1/49,09182RAR2,CALL/PUT/SF/MWCALL,5/16/19,FED & ST TAX-EXEMPT,BBEUTL
FARMVILLE IDA-AGM,VA,5.375,7/1/53,311617BF0,CALL/PUT/SF/MWCALL,3/29/21,FED & ST TAX-EXEMPT,FARIDA
KING CNTY-B-REF,WA,2.241,7/1/36,49474FB66,CALL/MWCALL,8/10/21,FED TAXABLE,KIN
LOS ANGELES CO MTA -A,CA,5,6/1/30,54466HJM9,AT MATURITY,8/27/20,FED & ST TAX-EXEMPT,LOSTRN
MINNESOTA ST -B,MN,4,8/1/30,60412AUD3,AT MATURITY,8/25/20,FED & ST TAX-EXEMPT,MNS
TX MUN GAS-SR LIEN-D,TX,6.25,12/15/26,88256CEX3,SINK/MWCALL,7/10/08,FED TAX-EXEMPT,TXSUTL
GEORGETOWN CO SD,SC,4,3/1/31,372640LH3,CALLABLE,5/28/20,FED & ST TAX-EXEMPT,GEOSCD
IL HSG DEV AUTH,IL,4,10/1/49,45201Y3R6,CALL/SINK,6/27/19,FED & ST TAX-EXEMPT,ILSHSG
MET TRANS AUTH-E,NY,4,11/15/38,59259YSK6,CALL/SINK,7/20/12,FED & ST TAX-EXEMPT,MTATRN
LOS ANGELES CA DEPT O,CA,5,7/1/36,544532DC5,CALLABLE,12/1/21,FED & ST TAX-EXEMPT,LOSUTL
NJ ST TRANSN TR FD,NJ,0,12/15/40,646136XQ9,MW CALLABLE,1/14/10,FED & ST TAX-EXEMPT,NJSTRN
SAN ANTONIO EDU FACS,TX,4,4/1/51,796247DK7,CALL/SINK,7/1/21,FED TAX-EXEMPT,SANEDU
WAYNDOTTE CO UNIF GOV,KS,2.125,8/1/36,98267ADQ9,CALLABLE,2/27/20,FED & ST TAX-EXEMPT,WYAGEN
HOOVER-WTS,AL,4,7/1/35,439238LB0,CALLABLE,7/15/16,FED & ST TAX-EXEMPT,HOO
NYC TRANSITIONAL-S-1A,NY,5,7/15/31,64972H5R9,AT MATURITY,7/22/21,FED & ST TAX-EXEMPT,NYCFAC
CA CMNTY HSG AGY-A-2,CA,4,8/1/47,13013FAM6,CALLABLE,3/31/21,FED & ST TAX-EXEMPT,CCHHSG
DUBLIN SD-F,CA,3.25,8/1/40,26362VKX5,CALLABLE,4/27/16,FED & ST TAX-EXEMPT,DUBSCD
GRIFFITH TWN REDEV-A,IN,3,7/15/41,398346DB9,CALL/SINK,11/18/21,FED & ST TAX-EXEMPT,GRIDEV
NYC TFA FUTURE TAX,NY,4,8/1/48,64971XG69,CALL/SINK,9/9/21,FED & ST TAX-EXEMPT,NYCGEN
WEST VIRGINIA HOSP-A,WV,4,6/1/51,956622N91,CALL/SINK,7/11/18,FED & ST TAX-EXEMPT,WVSMED
YUMA/LA PAZ CO CCD,AZ,4,7/1/46,988506BJ9,CALL/SINK,6/9/21,FED & ST TAX-EXEMPT,YUMHGR
CA ST-BAB,CA,7.35,11/1/39,13063BBU5,SINK/MWCALL,11/10/09,FED TAXABLE/ST TAX-EXEMPT,CAS
FORT BEND TX INDEP SC,TX,3,8/15/38,346843RR8,CALLABLE,4/15/20,FED TAX-EXEMPT,FORSCD
FULTON CO RSDL CARE-A,GA,4,4/1/51,360058FQ9,CALL/SINK,10/7/21,FED & ST TAX-EXEMPT,FULMED
HINGHAM TWN-WTR BONDS,MA,3,2/15/36,433344VU9,CALLABLE,7/30/20,FED & ST TAX-EXEMPT,HIN
IL FIN AUTH-A-REF,IL,5,10/1/33,45204FGW9,AT MATURITY,7/6/21,FED TAX-EXEMPT/ST TAXABLE,ILSGEN
LOS ANGELES CA UNIF S,CA,4,7/1/46,544647EZ9,CALL/SINK,11/10/21,FED & ST TAX-EXEMPT,LOSSCD
S BROWARD HOSP DT-A,FL,3,5/1/46,836753NJ8,CALLABLE,11/18/21,FED & ST TAX-EXEMPT,SOUMED
TX TRANS COMM BABS,TX,5.517,4/1/39,882722KF7,SINK/MWCALL,8/26/09,FED TAXABLE,TXS
DOUGLAS CO SD #RE1,CO,5,12/15/31,258885N99,CALLABLE,2/7/19,FED & ST TAX-EXEMPT,DOUSCD
MEMPHIS,TN,4,6/1/41,586145T87,CALLABLE,5/1/18,FED & ST TAX-EXEMPT,MEM
UNIV OF COLORADO CO E,CO,2,6/1/51,91417NDA0,PUTABLE,11/16/21,FED & ST TAX-EXEMPT,UCOHGR
CREEKWALK MARKETPLACE,CO,5.5,12/1/39,225515AB1,CALL/SINK,7/31/19,FED & ST TAX-EXEMPT,CRMGEN
FONTANA ON GENEVA LK,WI,3,2/1/31,344664MD6,CALLABLE,3/2/17,FED BQ/ST TAXABLE,FGL
MET ST LOUIS SWR DT-C,MO,4,5/1/41,592481JD8,CALL/SINK,12/20/16,FED & ST TAX-EXEMPT,METUTL
NYC TRANSITIONAL FIN,NY,5,2/1/29,64971XYD4,AT MATURITY,3/3/10,FED & ST TAX-EXEMPT,NYCGEN
WASHINGTON ST-C,WA,5,2/1/29,93974ELG9,AT MATURITY,2/25/21,FED TAX-EXEMPT,WAS
CHICAGO-D-ARPT REV,IL,1.704,1/1/26,167593S86,MW CALLABLE,10/7/20,FED TAXABLE/ST TAXABLE,CHITRN
DALLAS-FORT WORTH TX,TX,4,11/1/34,2350366B1,CALLABLE,8/1/20,FED TAX-EXEMPT,DALAPT
HAWAII ST-FZ,HI,2.065,8/1/35,419792ZA7,CALL/MWCALL,8/12/20,FED TAXABLE/ST TAX-EXEMPT,HIS
THREE RIVERS OH LOCAL,OH,5,12/1/34,885715DF6,CALLABLE,12/30/14,FED & ST TAX-EXEMPT,THRSCD
GRAND FORKS-REV-REF,ND,3,12/1/51,38546WDR8,CALL/SINK,9/28/21,FED & ST TAX-EXEMPT,GRAMED
MAIN STREET NAT GAS-C,GA,4,3/1/50,56035DCR1,CALL/PUT,12/11/19,FED & ST TAX-EXEMPT,MAIUTL
MASSACHUSETTS ST,MA,5,7/1/30,57582RC46,AT MATURITY,7/9/20,FED & ST TAX-EXEMPT,MAS
PORT OF SEATTLE WA-C,WA,5,8/1/33,735389P93,CALLABLE,6/30/21,FED AMT FOR INDIVIDUALS,PTSGEN
COLONY ECON DEV-A,TX,7.25,10/1/42,19625CAD0,CALL/SINK,2/1/13,FED TAXABLE,CNYGEN
FHLMC 2019-ML06-A-CA,CA,2.493,7/25/35,30312CAE3,AT MATURITY,10/1/19,FED & ST TAX-EXEMPT,FEDMFH
MARBLE FALLS ECON DEV,TX,3.15,2/1/41,566027BL1,CALL/SINK,10/1/21,FED TAXABLE,MBFDEV
WA ST CONVENTION-BABS,WA,6.79,7/1/40,93976AAH5,SINK/MWCALL,11/30/10,FED TAXABLE,WASFAC
IA ST HGR EDU LOAN,IA,4,10/1/41,4624608W9,CALL/SINK,8/3/21,FED & ST TAX-EXEMPT,IASSTD
MA CONS LN-BABS,MA,5.456,12/1/39,57582PUE8,SINK/MWCALL,12/8/09,FED TAXABLE/ST TAX-EXEMPT,MAS
PORT AUTH OF NEW YORK,NY,5,9/1/34,73358WZ72,CALLABLE,8/16/19,FED & ST TAX-EXEMPT,PORTRN
PUB FIN AUTH -2021 A,WI,4,6/1/56,74442PTL9,CALL/SINK,11/10/21,FED TAX-EXEMPT/ST TAXABLE,PUBGEN
TX WTR DEV BRD-B,TX,5,4/15/49,882854Q70,CALL/SINK,10/11/18,FED TAX-EXEMPT,TXSWTR
NY DORM AUTH-C,NY,5,3/15/28,64990AJS5,AT MATURITY,7/19/18,FED & ST TAX-EXEMPT,NYSHGR
OK FIN AUTH-EPWORTH-A,OK,5.125,4/1/42,67868NBX6,CALL/SINK,12/19/12,FED TAX-EXEMPT/ST TAXABLE,OKSGEN
OK CAPITOL IMPT-A-REV,OK,2.9,7/1/42,67908PBR6,CALL/SINK,11/18/21,FED TAXABLE/ST TAX-EXEMPT,OKSGEN
PA HGR EDUCTNL FACS-A,PA,4,7/15/46,70917TEA5,CALL/SINK,7/14/21,FED & ST TAX-EXEMPT,PASHGR
LOS ANGELES DEPT ARPT,CA,4,5/15/51,544445VD8,CALL/SINK,10/6/21,AMT/ST TAX-EXEMPT,LOSAPT
LOS ANGELES SD-C-REF,CA,5,7/1/27,544646T28,CALLABLE,6/26/14,FED & ST TAX-EXEMPT,LOSSCD
MIAMI SPL OBLIG-CABS,FL,0,10/1/42,59333NNM1,AT MATURITY,7/14/09,FED & ST TAX-EXEMPT,MIAGEN
HUMBLE TX ISD-A,TX,3,2/15/41,445047JL8,CALLABLE,8/1/20,FED TAX-EXEMPT,HUMSCD
MICHIGAN ST FIN AUTH,MI,5,11/15/41,59447TMN0,CALL/SINK,9/28/16,FED & ST TAX-EXEMPT,MISFIN
WISCONSIN-REF,WI,5,11/1/27,97705MGR0,CALLABLE,7/12/17,FED TAX-EXEMPT/ST TAXABLE,WIS
CALIFORNIA,CA,5,10/1/33,13063DPT9,CALLABLE,9/17/19,FED & ST TAX-EXEMPT,CAS
MONTANA ST FAC FIN AU,MT,2.996,8/15/51,61204KPP0,CALL/SINK,11/16/21,FED TAXABLE/ST TAX-EXEMPT,MTSFIN
PHOENIX IMP-CAB-B-AGC,AZ,5.5,7/1/42,71884WCT6,AT MATURITY,10/6/05,FED & ST TAX-EXEMPT,PHOGEN
WISCONSIN-REF,WI,5,11/1/26,97705MGQ2,AT MATURITY,7/12/17,FED TAX-EXEMPT/ST TAXABLE,WIS
CADDO MILLS ISD-A,TX,4,8/15/51,127253UZ3,CALL/SINK,11/15/21,FED TAX-EXEMPT,CADSCD
LYNWOOD PUB FIN AUTH,CA,3.81,10/1/35,551785DN5,CALL/SINK,12/23/20,FED TAXABLE/ST TAX-EXEMPT,LYNGEN
NEW YORK CITY NY MUNI,NY,4,6/15/50,64972GXP4,CALL/SINK,9/30/20,FED & ST TAX-EXEMPT,NYCUTL
WASHOE CO SCH DIST,NV,3,6/1/39,940859JY8,CALLABLE,1/28/21,FED TAX-EXEMPT,WASSCD
AUTH IMPT MUNIS PA UN,PA,4.875,11/1/43,052674AS7,CALL/SINK,4/26/18,FED TAXABLE/ST TAX-EXEMPT,AUTGEN
MTA HUDSON RAIL YRD-A,NY,5,11/15/56,62476RAC9,CALLABLE,9/22/16,FED & ST TAX-EXEMPT,MTAGEN
PUERTO RICO AQUEDUCT-,PR,5,7/1/33,745160UC3,CALL/SINK,6/15/22,FED & ST TAX-EXEMPT,PRCUTL
AMERN MUN PWR-BABS,OH,5.939,2/15/47,02765UDN1,SINK/MWCALL,9/29/10,FED TAXABLE/ST TAX-EXEMPT,AMEPWR
LAS VARAS PUBLIC FAC,TX,0.4,5/1/25,51766AAJ3,CALL/PUT,10/1/21,FED TAX-EXEMPT,LAVFAC
NYC TRANSITIONAL-S-1A,NY,5,7/15/32,64972H5S7,CALLABLE,7/22/21,FED & ST TAX-EXEMPT,NYCFAC
NY ST URBAN DEV-A-REF,NY,3,3/15/41,64985TCN9,CALLABLE,10/21/21,FED & ST TAX-EXEMPT,NYSFAC
ND HSG FIN AGY-BB,ND,2.9,1/1/23,658909ML7,AT MATURITY,5/10/17,FED TAXABLE/ST TAXABLE,NDSHSG
PHILADELPHIA PA AUTH,PA,5,7/1/31,717901BS0,AT MATURITY,7/1/21,FED & ST TAX-EXEMPT,PHIMED
SC TRANSPRTN-B-REF,SC,5,10/1/29,837152WA1,AT MATURITY,7/7/21,FED & ST TAX-EXEMPT,SCSTRN
OHIO WTR DEV AUTH-A,OH,5,6/1/29,677660UZ3,CALLABLE,3/14/19,FED & ST TAX-EXEMPT,OHSPOL
OYSTER BAY TWN-REF,NY,4,3/1/26,692160SQ8,AT MATURITY,2/3/21,FED & ST TAX-EXEMPT,OYS
PA ECON DEV FING-A,PA,4,10/15/51,70870JDJ4,CALL/SINK,4/15/21,FED & ST TAX-EXEMPT,PASMED
CA HLTH FACS-A,CA,5,7/1/27,13033LX85,CALLABLE,7/24/13,FED & ST TAX-EXEMPT,CASMED
ILLINOIS ST HSG DEV-D,IL,2.375,10/1/42,45203MDB4,CALL/SINK,9/23/21,FED & ST TAX-EXEMPT,ILSHSG
IL ST-TXB-4-BABS,IL,7.1,7/1/35,452152GB1,SINK/MWCALL,7/1/10,FED TAXABLE/ST TAXABLE,ILS
ILLINOIS ST-TXBL-AGM,IL,5.65,12/1/38,452152ZB0,SINK/MWCALL,12/19/13,FED TAXABLE/ST TAXABLE,ILS
KING ETC SD #417-BABS,WA,4.971,12/1/23,4.95E+85,CALLABLE,5/11/10,FED TAXABLE,KINSCD