Name,Ticker,Coupon,Maturity,Maturity Type,Country/Region,Currency,Identifier,Bloomberg Composite Rating,Ask Price,Source
United States Treasury Note/Bond,T,1.375,11/15/31,NORMAL,US,USD,91282CDJ7,NR,97.71875,BGN
United States Treasury Note/Bond,T,1.25,8/15/31,NORMAL,US,USD,91282CCS8,NR,96.75,BGN
United States Treasury Note/Bond,T,1.125,10/31/26,NORMAL,US,USD,91282CDG3,NR,99.0859375,BGN
United States Treasury Note/Bond,T,0.375,10/31/23,NORMAL,US,USD,91282CDD0,NR,99.59765625,BGN
Bundesrepublik Deutschland Bundesanleihe,DBR,0,8/15/31,AT MATURITY,DE,EUR,BP9803662,NR,103.02,BGN
United States Treasury Note/Bond,T,2,8/15/51,NORMAL,US,USD,912810SZ2,NR,100.796875,BGN
United States Treasury Inflation Indexed Bonds,TII,0.125,7/15/31,NORMAL,US,USD,91282CCM1,NR,111.5859375,BGN
United States Treasury Note/Bond,T,1.875,11/15/51,NORMAL,US,USD,912810TB4,NR,98.046875,BGN
United States Treasury Note/Bond,T,1.75,8/15/41,NORMAL,US,USD,912810TA6,NR,95.671875,BGN
Italy Buoni Poliennali Del Tesoro,BTPS,0.95,12/1/31,AT MATURITY,IT,EUR,BP9688410,NR,99.986,BGN
United States Treasury Note/Bond,T,1.375,10/31/28,NORMAL,US,USD,91282CDF5,NR,98.859375,BGN
United States Treasury Note/Bond,T,0.75,11/15/24,NORMAL,US,USD,91282CDH1,NR,99.4453125,BGN
United States Treasury Note/Bond,T,2.375,5/15/51,NORMAL,US,USD,912810SX7,NR,109.296875,BGN
United States Treasury Note/Bond,T,0.625,10/15/24,NORMAL,US,USD,91282CDB4,NR,99.203125,BGN
Australia Government Bond,ACGB,1,11/21/31,AT MATURITY,AU,AUD,ZO1145564,NR,92.04,BCMP
United Kingdom Gilt,UKT,0.25,7/31/31,AT MATURITY,GB,GBP,BM3107737,NR,93.71,BGN
Australia Government Bond,ACGB,2.75,4/21/24,AT MATURITY,AU,AUD,EJ2445694,AAA,104.951,BCMP
French Republic Government Bond OAT,FRTR,0,11/25/31,AT MATURITY,FR,EUR,BO9395373,NR,99.518,BGN
Japan Government Ten Year Bond,JGB,0.1,9/20/31,AT MATURITY,JP,JPY,BR7886624,#N/A N/A,100.321,BGN
Argentine Republic Government International Bond,ARGENT,0.5,7/9/30,CALL/SINK,AR,USD,ZO2903235,NR,33.615,CBBT
Australia Government Bond,ACGB,0.25,11/21/24,AT MATURITY,AU,AUD,BH7282321,AAA,97.766,BCMP
Spain Government Bond,SPGB,0.5,10/31/31,AT MATURITY,ES,EUR,BQ1838797,NR,100.835,BGN
Canadian Government Bond,CAN,1.5,6/1/31,AT MATURITY,CA,CAD,BP2380833,AAA,97.74,BGN
Bundesobligation,OBL,0,10/9/26,AT MATURITY,DE,EUR,BQ3124923,NR,103.006,BGN
United States Treasury Inflation Indexed Bonds,TII,0.125,10/15/26,NORMAL,US,USD,91282CDC2,NR,109.34375,BGN
United States Treasury Note/Bond,T,1.625,5/15/31,NORMAL,US,USD,91282CCB5,NR,100.3125,BGN
United States Treasury Note/Bond,T,0.875,9/30/26,NORMAL,US,USD,91282CCZ2,NR,97.96875,BGN
Canadian Government Bond,CAN,0.5,11/1/23,AT MATURITY,CA,CAD,BQ9098642,AAA,98.963,BGN
Canadian Government Bond,CAN,2,12/1/51,AT MATURITY,CA,CAD,AQ5235694,AAA,97.987,BGN
Argentine Republic Government International Bond,ARGENT,1.125,7/9/35,CALL/SINK,AR,USD,ZO3051984,NR,30.524,CBBT
United States Treasury Inflation Indexed Bonds,TII,0.125,2/15/51,NORMAL,US,USD,912810SV1,NR,117.640625,BGN
China Government Bond,CGB,3.02,5/27/31,AT MATURITY,CN,CNY,BP5955698,NR,100.8663,CHBE
Canadian Government Bond,CAN,1,9/1/26,AT MATURITY,CA,CAD,BP1003147,AAA,97.411,BGN
United Kingdom Gilt,UKT,0.125,1/31/24,AT MATURITY,GB,GBP,ZO7166713,NR,99.163,BGN
Bundesrepublik Deutschland Bundesanleihe,DBR,0,8/15/52,AT MATURITY,DE,EUR,BR2469814,NR,99.368,BGN
United States Treasury Bill,B,0,11/3/22,NORMAL,US,USD,912796N96,#N/A N/A,0.175,BGN
Republic of Italy Government International Bond,ITALY,3.875,5/6/51,AT MATURITY,IT,USD,BP2696246,NR,106.465,CBBT
Republic of South Africa Government Bond,SAGB,10.5,12/21/26,AT MATURITY,ZA,ZAR,CP5073947,BB-,110.11328,BGN
Uzbekneftegaz JSC,UNGUZB,4.75,11/16/28,CALLABLE,UZ,USD,BS3801047,NR,98.038,CBBT
United Kingdom Inflation-Linked Gilt,UKTI,0.125,3/22/68,AT MATURITY,GB,GBP,EJ8236956,NR,307.833,BGN
Brazilian Government International Bond,BRAZIL,3.875,6/12/30,AT MATURITY,BR,USD,BJ8456805,BB-,94.725,CBBT
Peruvian Government International Bond,PERU,3,1/15/34,CALLABLE,PE,USD,BS1976528,BBB,98.715,CBBT
United Kingdom Gilt,UKT,0.625,10/22/50,AT MATURITY,GB,GBP,BJ7876565,NR,89.066,BGN
Deutsche Bundesrepublik Inflation Linked Bond,DBRI,0.5,4/15/30,AT MATURITY,DE,EUR,EK1581793,NR,124.721,BGN
United States Treasury Note/Bond,T,1.125,2/15/31,NORMAL,US,USD,91282CBL4,NR,96.09375,BGN
Italy Buoni Poliennali Del Tesoro,BTPS,1.7,9/1/51,AT MATURITY,IT,EUR,BM0807123,NR,97.56,BGN
United States Treasury Note/Bond,T,0.25,9/30/23,NORMAL,US,USD,91282CDA6,NR,99.43359375,BGN
Bundesrepublik Deutschland Bundesanleihe,DBR,0,8/15/30,AT MATURITY,DE,EUR,BJ9482800,NR,103.645,BGN
KSA Sukuk Ltd,KSA,2.25,5/17/31,AT MATURITY,KY,USD,BS3776843,A,98.407,CBBT
Ethiopia International Bond,ETHOPI,6.625,12/11/24,AT MATURITY,ET,USD,EK6441233,CCC,69.833,CBBT
Peruvian Government International Bond,PERU,1.95,11/17/36,CALLABLE,PE,EUR,BS3790133,NR,98.794,BGN
Japan Government Twenty Year Bond,JGB,0.5,9/20/41,AT MATURITY,JP,JPY,BS0289014,#N/A N/A,100.708,BGN
Mexican Bonos,MBONO,7.75,5/29/31,AT MATURITY,MX,MXN,EI8047355,BBB,101.23,BGN
Brazil Notas do Tesouro Nacional Serie F,BNTNF,10,1/1/31,AT MATURITY,BR,BRL,ZP2084801,BB-,946.322998,BGN
Bundesschatzanweisungen,BKO,0,12/15/23,AT MATURITY,DE,EUR,BS2396114,NR,101.583,BGN
Saudi Government International Bond,KSA,3.25,11/17/51,AT MATURITY,SA,USD,BS3776868,A,97.267,CBBT
United Kingdom Gilt,UKT,0.375,10/22/26,AT MATURITY,GB,GBP,BO2326789,NR,98.578,BGN
Argentina Bonar Bonds,ARGBON,0.5,7/9/30,SINKABLE,AR,USD,ZO2832012,NR,31.907,BVAL
CBB International Sukuk Programme Co WLL,BHRAIN,3.875,5/18/29,AT MATURITY,BH,USD,BS3785588,B+,99.056,CBBT
Brazilian Government International Bond,BRAZIL,4.75,1/14/50,CALLABLE,BR,USD,ZQ4488727,BB-,87.002,CBBT
Ukraine Government International Bond,UKRAIN,#N/A N/A,5/31/40,AT MATURITY,UA,USD,QJ1385153,NR,92.893,CBBT
Bundesschatzanweisungen,BKO,0,9/15/23,AT MATURITY,DE,EUR,BQ9393084,NR,101.485,BGN
United States Treasury Note/Bond,T,1.25,9/30/28,NORMAL,US,USD,91282CCY5,NR,98.078125,BGN
Republic of South Africa Government Bond,SAGB,8,1/31/30,AT MATURITY,ZA,ZAR,EJ7500048,BB-,91.19226,BGN
Bundesrepublik Deutschland Bundesanleihe,DBR,0,2/15/31,AT MATURITY,DE,EUR,BN2612610,NR,103.347,BGN
United States Treasury Note/Bond,T,2,11/15/41,NORMAL,US,USD,912810TC2,#N/A N/A,99.828125,BGN
Italy Buoni Poliennali Del Tesoro,BTPS,0.6,8/1/31,AT MATURITY,IT,EUR,BO0961645,NR,97.2,BGN
Russian Federal Bond - OFZ,RFLB,6.9,7/23/31,AT MATURITY,RU,RUB,BQ0964149,#N/A N/A,90.12,MICX
Brazilian Government International Bond,BRAZIL,5.625,1/7/41,AT MATURITY,BR,USD,EH9950625,BB-,99.605,CBBT
Australia Government Bond,ACGB,0.5,9/21/26,AT MATURITY,AU,AUD,ZO5418629,NR,95.658,BCMP
Italy Buoni Poliennali Del Tesoro,BTPS,0,8/1/26,AT MATURITY,IT,EUR,BQ7306815,NR,99.297,BGN
Italy Buoni Poliennali Del Tesoro,BTPS,1.5,4/30/45,AT MATURITY,IT,EUR,BO3833387,NR,97.082,BGN
Bundesrepublik Deutschland Bundesanleihe,DBR,0,8/15/50,AT MATURITY,DE,EUR,ZR0979743,NR,100.139,BGN
Japan Government Thirty Year Bond,JGB,0.7,9/20/51,AT MATURITY,JP,JPY,BR9216051,#N/A N/A,100.645,BGN
French Republic Government Bond OAT,FRTR,0.75,5/25/52,AT MATURITY,FR,EUR,ZP7360719,NR,99.404,BGN
Argentine Republic Government International Bond,ARGENT,2,1/9/38,CALL/SINK,AR,USD,ZO2831634,NR,35.954,CBBT
China Government International Bond,CHINA,0,11/17/24,AT MATURITY,CN,EUR,BS3558837,NR,100.653,BGN
Provincia de Buenos Aires/Government Bonds,BUENOS,3.9,9/1/37,SINKABLE,AR,USD,BR2929577,NR,42.05,CBBT
Australia Government Bond,ACGB,1.75,6/21/51,AT MATURITY,AU,AUD,BK4676346,NR,83.873,BCMP
Hong Kong Government International Bond,HKINTL,1.75,11/24/31,AT MATURITY,HK,USD,BS5175721,AA,98.864,CBBT
French Republic Government Bond OAT,FRTR,1.5,5/25/31,AT MATURITY,FR,EUR,UV9949289,NR,114.575,BGN
Auckland Council,AUCKCN,0.25,11/17/31,AT MATURITY,NZ,EUR,BS3076293,AA,100.031,BCMP
Turkey Government International Bond,TURKEY,6.875,3/17/36,AT MATURITY,TR,USD,EF2315614,B+,97.064,BGN
Republic of South Africa Government Bond,SAGB,8.25,3/31/32,AT MATURITY,ZA,ZAR,EJ7500097,BB-,88.47204,BGN
Brazilian Government International Bond,BRAZIL,3.75,9/12/31,AT MATURITY,BR,USD,BQ3170793,BB-,92.526,CBBT
Colombian TES,COLTES,10,7/24/24,AT MATURITY,CO,COP,EH7652033,BBB-,108.222,BGN
Republic of Poland Government Bond,POLGB,1.25,10/25/30,AT MATURITY,PL,PLN,BJ3065825,A-,84.583,BGN
Bahrain Government International Bond,BHRAIN,5.625,5/18/34,AT MATURITY,BH,USD,BS3785604,B+,97.775,CBBT
Indonesia Treasury Bond,INDOGB,6.5,2/15/31,AT MATURITY,ID,IDR,BK8407086,#N/A N/A,102.437,BGN
Hellenic Republic Government Bond,GGB,0.75,6/18/31,AT MATURITY,GR,EUR,BN7651852,BB-,96.086,BGN
Peruvian Government International Bond,PERU,3.6,1/15/72,CALLABLE,PE,USD,BS1976569,BBB,95.159,CBBT
Ghana Government International Bond,GHANA,8.125,1/18/26,SINKABLE,GH,USD,EK4901865,B-,91.117,CBBT
China Government International Bond,CHINA,0.125,11/17/28,AT MATURITY,CN,EUR,BS3559199,NR,99.215,BGN
United States Treasury Bill,B,0,2/10/22,NORMAL,US,USD,912796L72,#N/A N/A,0.0375,BGN
Republic of Poland Government Bond,POLGB,1.75,4/25/32,AT MATURITY,PL,PLN,BP9867766,A-,86.877,BGN
United States Treasury Bill,B,0,2/3/22,NORMAL,US,USD,912796K99,#N/A N/A,0.0325,BGN
China Government International Bond,CHINA,0.625,11/17/33,AT MATURITY,CN,EUR,BS3559413,NR,97.457,BGN
Turkey Government International Bond,TURKEY,5.75,5/11/47,AT MATURITY,TR,USD,AN4636584,B+,83.359,BGN
Indonesia Treasury Bond,INDOGB,6.375,4/15/32,AT MATURITY,ID,IDR,BQ3772713,#N/A N/A,102.707,BGN
Italy Buoni Poliennali Del Tesoro,BTPS,2.15,3/1/72,AT MATURITY,IT,EUR,BO9522422,NR,96.65,BGN
United Kingdom Inflation-Linked Gilt,UKTI,0.125,8/10/31,AT MATURITY,GB,GBP,BN6560443,NR,137.729,BGN
Italy Buoni Poliennali Del Tesoro,BTPS,0.75,11/16/33,AT MATURITY,IT,EUR,BS0197696,#N/A N/A,99.611,BGN
Argentine Republic Government International Bond,ARGENT,1,7/9/29,CALL/SINK,AR,USD,ZO2831345,NR,35.958,CBBT
United States Treasury Note/Bond,T,0.875,11/15/30,NORMAL,US,USD,91282CAV3,NR,94.109375,BGN
Bundesrepublik Deutschland Bundesanleihe,DBR,0,8/15/26,AT MATURITY,DE,EUR,LW7430652,NR,103.114,BGN
Ukraine Government International Bond,UKRAIN,7.375,9/25/32,SINKABLE,UA,USD,AP0744262,B,96.539,CBBT
Russian Foreign Bond - Eurobond,RUSSIA,5.25,6/23/47,AT MATURITY,RU,USD,AO0617065,NR,125.413,CBBT
Argentine Republic Government International Bond,ARGENT,2.5,7/9/41,CALL/SINK,AR,USD,ZO2830172,NR,33.574,CBBT
Turkey Government Bond,TURKGB,11.7,11/13/30,AT MATURITY,TR,TRY,BM7262181,#N/A N/A,67.75,ISEL
Portugal Obrigacoes do Tesouro OT,PGB,0.3,10/17/31,AT MATURITY,PT,EUR,BO9696853,NR,99.575,BGN
Italy Buoni Poliennali Del Tesoro,BTPS,0.15,5/15/51,AT MATURITY,IT,EUR,BO0965950,NR,100.774,BGN
Republic of South Africa Government Bond,SAGB,8.75,2/28/48,AT MATURITY,ZA,ZAR,EJ2359143,BB-,82.80284,BGN
Italy Buoni Poliennali Del Tesoro,BTPS,1.4,5/26/25,AT MATURITY,IT,EUR,BJ2189949,NR,109.59,BGN
Republic of Austria Government Bond,RAGB,2.1,9/20/17,AT MATURITY,AT,EUR,AP1154065,NR,168.238,BGN
Turkey Government International Bond,TURKEY,6.5,9/20/33,AT MATURITY,TR,USD,BR4187315,NR,95.44,BGN
Turkey Government International Bond,TURKEY,7.375,2/5/25,AT MATURITY,TR,USD,ED7777532,B+,105.839,BGN
Italy Buoni Poliennali Del Tesoro,BTPS,0,1/30/24,AT MATURITY,IT,EUR,BQ6911987,NR,100.649,BGN
United States Treasury Bill,B,0,12/2/21,NORMAL,US,USD,9127965G0,#N/A N/A,0.03,BGN
United States Treasury Note/Bond,T,1.875,2/15/51,NORMAL,US,USD,912810SU3,NR,97.8125,BGN
Peruvian Government International Bond,PERU,3.55,3/10/51,CALLABLE,PE,USD,BO3887219,BBB,100.706,CBBT
Republic of Austria Government Bond,RAGB,0.85,6/30/20,AT MATURITY,AT,EUR,BK2273211,NR,95.674,BGN
United States Treasury Bill,B,0,1/27/22,NORMAL,US,USD,912796C31,#N/A N/A,0.035,BGN
United States Treasury Note/Bond,T,0.625,8/15/30,NORMAL,US,USD,91282CAE1,NR,92.21875,BGN
Ukraine Government International Bond,UKRAIN,7.253,3/15/33,AT MATURITY,UA,USD,BK6339091,B,95.482,CBBT
Spain Government Bond,SPGB,1,10/31/50,AT MATURITY,ES,EUR,BG2707340,NR,94.348,BGN
United States Treasury Bill,B,0,2/17/22,NORMAL,US,USD,912796L80,#N/A N/A,0.04,BGN
United States Treasury Note/Bond,T,0.75,8/31/26,NORMAL,US,USD,91282CCW9,NR,97.453125,BGN
Mexico Government International Bond,MEX,2.659,5/24/31,CALLABLE,MX,USD,BM5852025,BBB,96.997,CBBT
Japan Government Five Year Bond,JGB,0.005,9/20/26,AT MATURITY,JP,JPY,BR9625400,NR,100.459,BGN
India Government Bond,IGB,6.1,7/12/31,AT MATURITY,IN,INR,BQ4051935,NR,98.1975,NDSI
United States Treasury Bill,B,0,5/5/22,NORMAL,US,USD,912796P45,#N/A N/A,0.0525,BGN
United States Treasury Bill,B,0,11/30/21,NORMAL,US,USD,912796N88,#N/A N/A,0.0275,BGN
Deutsche Bundesrepublik Inflation Linked Bond,DBRI,0.1,4/15/26,AT MATURITY,DE,EUR,EK7815401,NR,111.506,BGN
United Kingdom Gilt,UKT,1.625,10/22/71,AT MATURITY,GB,GBP,AS4623367,NR,131.548,BGN
Indonesia Government International Bond,INDON,2.15,7/28/31,CALLABLE,ID,USD,BQ6459599,BBB,97.936,BGN
Brazilian Government International Bond,BRAZIL,7.125,1/20/37,AT MATURITY,BR,USD,EF2387670,BB-,118.546,CBBT
United Kingdom Gilt,UKT,4.75,12/7/30,AT MATURITY,GB,GBP,EG8729493,NR,133.909,BGN
United Kingdom Gilt,UKT,0.125,1/31/23,AT MATURITY,GB,GBP,BH2932524,NR,99.737,BGN
Albania Government International Bond,ALBANI,3.5,11/23/31,AT MATURITY,AL,EUR,BS5203333,NR,98.234,BVAL
United States Treasury Bill,B,0,5/19/22,NORMAL,US,USD,912796H44,#N/A N/A,0.0575,BGN
Bundesrepublik Deutschland Bundesanleihe,DBR,2.5,8/15/46,AT MATURITY,DE,EUR,EK0809500,NR,164.929,BGN
Italy Buoni Poliennali Del Tesoro,BTPS,1.65,12/1/30,AT MATURITY,IT,EUR,BJ8379114,NR,107.222,BGN
Italy Buoni Poliennali Del Tesoro,BTPS,0,8/15/24,AT MATURITY,IT,EUR,BQ4680139,NR,100.487,BGN
Ecuador Government International Bond,ECUA,5,7/31/30,SINKABLE,EC,USD,ZO2094506,B-,85.408,CBBT
Republic of Poland Government Bond,POLGB,0.25,10/25/26,AT MATURITY,PL,PLN,BO1152772,A-,86.137,BGN
Egypt Government International Bond,EGYPT,8.875,5/29/50,AT MATURITY,EG,USD,BJ6630427,B,92.119,CBBT
Republic of South Africa Government Bond,SAGB,8.875,2/28/35,AT MATURITY,ZA,ZAR,EK7732887,BB-,88.59979,BGN
Brazilian Government International Bond,BRAZIL,5,1/27/45,AT MATURITY,BR,USD,EK4038676,BB-,91.569,CBBT
Chile Government International Bond,CHILE,2.45,1/31/31,CALLABLE,CL,USD,BJ3237127,A,99.345,CBBT
United States Treasury Note/Bond,T,2.875,8/15/28,NORMAL,US,USD,9128284V9,NR,108.6875,BGN
Republic of Italy Government International Bond,ITALY,4,10/17/49,AT MATURITY,IT,USD,ZQ0188156,NR,109.28,CBBT
Bundesrepublik Deutschland Bundesanleihe,DBR,0,11/15/28,AT MATURITY,DE,EUR,BP1531865,NR,103.475,BGN
Korea Treasury Bond,KTB,2,6/10/31,AT MATURITY,KR,KRW,BO9153574,#N/A N/A,97.138,BGN
Malaysia Government Bond,MGS,2.632,4/15/31,AT MATURITY,MY,MYR,ZO9018995,#N/A N/A,92.65,BIDS
United States Treasury Bill,B,0,10/6/22,NORMAL,US,USD,912796M89,#N/A N/A,0.1525,BGN
Colombia Government International Bond,COLOM,5.2,5/15/49,CALLABLE,CO,USD,AW8918517,BB+,96.942,CBBT
United States Treasury Note/Bond,T,0.375,9/15/24,NORMAL,US,USD,91282CCX7,NR,98.59375,BGN
Turkey Government International Bond,TURKEY,4.375,7/8/27,AT MATURITY,TR,EUR,BQ3358042,B+,100.777,BGN
Dominican Republic International Bond,DOMREP,4.875,9/23/32,AT MATURITY,DO,USD,ZO5317961,BB-,100.976,CBBT
Romanian Government International Bond,ROMANI,3.375,1/28/50,AT MATURITY,RO,EUR,ZP6061284,BBB-,97.897,BGN
Brazil Notas do Tesouro Nacional Serie F,BNTNF,10,1/1/29,AT MATURITY,BR,BRL,AQ6084745,BB-,956.158997,BGN
Bundesrepublik Deutschland Bundesanleihe,DBR,0.25,8/15/28,AT MATURITY,DE,EUR,AT4286882,NR,105.28,BGN
Italy Buoni Poliennali Del Tesoro,BTPS,2.8,3/1/67,AT MATURITY,IT,EUR,QZ7665156,NR,115.352,BGN
Indonesia Government International Bond,INDON,3.05,3/12/51,AT MATURITY,ID,USD,BN3275466,BBB,97.652,BGN
Bundesrepublik Deutschland Bundesanleihe,DBR,0,8/15/29,AT MATURITY,DE,EUR,AZ4612356,NR,103.569,BGN
Russian Foreign Bond - Eurobond,RUSSIA,12.75,6/24/28,PUTABLE,RU,USD,TT3432693,BBB-,161.758,CBBT
Brazil Notas do Tesouro Nacional Serie F,BNTNF,10,1/1/27,AT MATURITY,BR,BRL,JV5341526,BB-,970.215027,BGN
Republic of Belarus International Bond,BELRUS,6.378,2/24/31,AT MATURITY,BY,USD,BK1209059,B,82.832,CBBT
Italy Certificati di Credito del Tesoro/ CCTS-eu,CCTS,0.126,4/15/29,AT MATURITY,IT,EUR,BQ2438563,NR,101.141,BGN
Italy Buoni Poliennali Del Tesoro,BTPS,0.5,7/15/28,AT MATURITY,IT,EUR,BP4786771,NR,100.077,BGN
Sri Lanka Government International Bond,SRILAN,5.875,7/25/22,AT MATURITY,LK,USD,EJ2896052,CCC,78.293,BGN
Dominican Republic International Bond,DOMREP,5.875,1/30/60,AT MATURITY,DO,USD,ZP6620022,BB-,95.36,CBBT
Republic of South Africa Government Bond,SAGB,8.5,1/31/37,AT MATURITY,ZA,ZAR,EJ7500196,BB-,83.85055,BGN
Bundesrepublik Deutschland Bundesanleihe,DBR,0,5/15/36,AT MATURITY,DE,EUR,BO2212567,NR,101.901,BGN
Bahamas Government International Bond,BAHAMA,8.95,10/15/32,CALL/SINK,BS,USD,ZO8556003,B+,98.167,CBBT
United States Treasury Note/Bond,T,1.5,2/15/30,NORMAL,US,USD,912828Z94,NR,99.546875,BGN
Gabon Government International Bond,GABON,7,11/24/31,CALL/SINK,GA,USD,BS5204539,#N/A N/A,99.417,CBBT
Italy Buoni Poliennali Del Tesoro,BTPS,0.9,4/1/31,AT MATURITY,IT,EUR,ZO6504153,NR,100.372,BGN
French Republic Government Bond OAT,FRTR,0,11/25/30,AT MATURITY,FR,EUR,BJ7899484,NR,100.542,BGN
Kingdom of Belgium Government Bond,BGB,0,10/22/31,AT MATURITY,BE,EUR,BN4837165,NR,99.658,BGN
Italy Buoni Poliennali Del Tesoro,BTPS,0.95,3/1/37,AT MATURITY,IT,EUR,BN3326749,NR,94.789,BGN
Bundesrepublik Deutschland Bundesanleihe,DBR,0,2/15/30,AT MATURITY,DE,EUR,ZP2206560,NR,103.649,BGN
Export-Import Bank of Malaysia Bhd,EIBMAL,1.831,11/26/26,CALLABLE,MY,USD,BS5431587,NR,99.896,BGN
New Zealand Government Bond,NZGB,2,5/15/32,AT MATURITY,NZ,NZD,BP9145262,AA+,94.64361288,BCMP
Ghana Government International Bond,GHANA,8.95,3/26/51,SINKABLE,GH,USD,AX7532564,B-,80.009,CBBT
French Republic Government Bond OAT,FRTR,1.5,5/25/50,AT MATURITY,FR,EUR,AX2841838,NR,120.028,BGN
United States Treasury Inflation Indexed Bonds,TII,0.125,4/15/26,NORMAL,US,USD,91282CCA7,NR,108.625,BGN
United States Treasury Note/Bond,T,3,2/15/47,NORMAL,US,USD,912810RV2,NR,120.3125,BGN
Bundesrepublik Deutschland Bundesanleihe,DBR,0.5,2/15/28,AT MATURITY,DE,EUR,AQ5846490,NR,106.645,BGN
United States Treasury Bill,B,0,12/14/21,NORMAL,US,USD,912796P60,#N/A N/A,0.025,BGN
Sweden Government Bond,SGB,0.125,5/12/31,AT MATURITY,SE,SEK,BH0661356,NR,99.276,BGN
United States Treasury Bill,B,0,12/30/21,NORMAL,US,USD,912796A90,#N/A N/A,0.0675,BGN
Albania Government International Bond,ALBANI,3.5,6/16/27,AT MATURITY,AL,EUR,BJ9488336,B+,105.624,BGN
Turkey Government International Bond,TURKEY,3.25,6/14/25,AT MATURITY,TR,EUR,AN8659657,B+,100.197,BGN
United States Treasury Inflation Indexed Bonds,TII,0.125,1/15/31,NORMAL,US,USD,91282CBF7,NR,111.25,BGN
United States Treasury Note/Bond,T,2.25,5/15/41,NORMAL,US,USD,912810SY5,NR,103.921875,BGN
United Kingdom Inflation-Linked Gilt,UKTI,0.125,11/22/65,AT MATURITY,GB,GBP,JV9802283,NR,286.744,BGN
Bundesrepublik Deutschland Bundesanleihe,DBR,0.25,2/15/29,AT MATURITY,DE,EUR,AW4161880,NR,105.474,BGN
Egypt Government International Bond,EGYPT,5.875,2/16/31,AT MATURITY,EG,USD,BN9715911,B,88.449,CBBT
Turkey Government International Bond,TURKEY,5.95,1/15/31,AT MATURITY,TR,USD,BM7297088,B+,94.306,BGN
Netherlands Government Bond,NETHER,0,7/15/31,AT MATURITY,NL,EUR,BN9427251,NR,101.608,BGN
United States Treasury Note/Bond,T,0.375,11/30/25,NORMAL,US,USD,91282CAZ4,NR,96.734375,BGN
United States Treasury Bill,B,0,5/12/22,NORMAL,US,USD,912796Q28,#N/A N/A,0.0525,BGN
Spain Government Bond,SPGB,0,1/31/26,AT MATURITY,ES,EUR,ZO8777807,NR,101.286,BGN
Hungary Government Bond,HGB,2.25,4/20/33,AT MATURITY,HU,HUF,ZO9985268,NR,81.941,BGN
Hellenic Republic Government Bond,GGB,0,10/15/42,AT MATURITY,GR,EUR,EJ0435655,BB-,0.273,BGN
Canadian Government Bond,CAN,1.25,6/1/30,AT MATURITY,CA,CAD,AZ8014799,AAA,96.697,BGN
Hong Kong Government International Bond,HKINTL,0,11/24/26,AT MATURITY,HK,EUR,BS5189805,AA,100.242,BGN
Swiss Confederation Government Bond,SWISS,2.25,6/22/31,AT MATURITY,CH,CHF,EI7035567,NR,124.126,BGN
Republic of Poland Government Bond,POLGB,4,10/25/23,AT MATURITY,PL,PLN,EJ4127266,A-,101.9,BGN
United States Treasury Bill,B,0,12/16/21,NORMAL,US,USD,912796J67,#N/A N/A,0.0525,BGN
Thailand Government Bond,THAIGB,2,12/17/31,AT MATURITY,TH,THB,BP2211780,#N/A N/A,100.403,BGN
Canada Housing Trust No 1,CANHOU,2.15,12/15/31,AT MATURITY,CA,CAD,BS5316051,AAA,99.745,BGN
United States Treasury Note/Bond,T,1.25,5/15/50,NORMAL,US,USD,912810SN9,NR,84.078125,BGN
Canadian Government Bond,CAN,2,6/1/28,AT MATURITY,CA,CAD,AO5480923,AAA,102.368,BGN
Italy Buoni Poliennali Del Tesoro,BTPS,0.95,6/1/32,AT MATURITY,IT,EUR,BS1324091,NR,99.274,BGN
Italy Buoni Poliennali Del Tesoro,BTPS,0.45,2/15/29,AT MATURITY,IT,EUR,BS3661698,#N/A N/A,99.073,BGN
Ireland Government Bond,IRISH,0,10/18/31,AT MATURITY,IE,EUR,BN3323571,A+,98.691,BGN
Mexican Bonos,MBONO,8,11/7/47,AT MATURITY,MX,MXN,AM7523740,BBB,99.368,BGN
Deutsche Bundesrepublik Inflation Linked Bond,DBRI,0.1,4/15/23,AT MATURITY,DE,EUR,EJ0993182,NR,103.595,BGN
BNG Bank NV,BNG,0.25,11/22/36,AT MATURITY,NL,EUR,BS4758303,AAA,98.869,BGN
United Kingdom Inflation-Linked Gilt,UKTI,0.375,3/22/62,AT MATURITY,GB,GBP,EI8446722,NR,278.086,BGN
Republic of South Africa Government Bond,SAGB,7,2/28/31,AT MATURITY,ZA,ZAR,EI2585962,BB-,82.97068,BGN
Australia Government Bond,ACGB,2.75,5/21/41,AT MATURITY,AU,AUD,AT4969925,NR,104.865,BCMP
Canada Housing Trust No 1,CANHOU,1.6,12/15/31,AT MATURITY,CA,CAD,BR0750827,AAA,94.838,BGN
Istanbul Metropolitan Municipality,ISTNBL,6.375,12/9/25,AT MATURITY,TR,USD,BM8828683,B+,98.23,TRMT
Italy Buoni Poliennali Del Tesoro,BTPS,2.45,9/1/50,AT MATURITY,IT,EUR,ZP5131328,NR,114.546,BGN
Japanese Government CPI Linked Bond,JGBI,0.005,3/10/31,AT MATURITY,JP,JPY,BP5432623,NR,103.926,BGN
French Republic Government Bond OAT,FRTR,0.5,5/25/72,AT MATURITY,FR,EUR,BN6163990,NR,82.655,BGN
French Republic Government Bond OAT,FRTR,0,2/25/27,AT MATURITY,FR,EUR,BP1321176,NR,102.105,BGN
Svensk Exportkredit AB,SEK,0.5,11/10/23,AT MATURITY,SE,USD,BS3638217,AA+,99.567,CBBT
Brazil Notas do Tesouro Nacional Serie F,BNTNF,10,1/1/25,AT MATURITY,BR,BRL,EK0169285,BB-,988.835999,BGN
Singapore Government Bond,SIGB,1.625,7/1/31,AT MATURITY,SG,SGD,BQ1798256,NR,98.453,BGN
Gabon Government International Bond,GABON,6.625,2/6/31,SINKABLE,GA,USD,ZP7937847,CCC+,97.712,CBBT
Turkey Government International Bond,TURKEY,4.875,4/16/43,AT MATURITY,TR,USD,EJ6288264,B+,77.832,BGN
Sri Lanka Government International Bond,SRILAN,5.75,1/18/22,AT MATURITY,LK,USD,LW8500941,CCC,92.809,BGN
Egypt Government International Bond,EGYPT,5.8,9/30/27,AT MATURITY,EG,USD,BR6006703,B,96.707,CBBT
United States Treasury Note/Bond,T,1.625,8/15/29,NORMAL,US,USD,912828YB0,NR,100.609375,BGN
Ukraine Government International Bond,UKRAIN,6.876,5/21/29,AT MATURITY,UA,USD,BP2701582,B,95.839,CBBT
Australia Government Bond,ACGB,2.25,11/21/22,AT MATURITY,AU,AUD,AP3642968,AAA,102.067,BCMP
Hazine Mustesarligi Varlik Kiralama AS,TURKSK,5.125,6/22/26,AT MATURITY,TR,USD,BQ0981580,B+,99.664,BGN
Turkey Government International Bond,TURKEY,8,2/14/34,AT MATURITY,TR,USD,ED2832878,B+,108.163,BGN
Chile Government International Bond,CHILE,3.5,1/25/50,CALLABLE,CL,USD,AZ1913575,A,103.291,CBBT
Colombia Government International Bond,COLOM,3.125,4/15/31,CALLABLE,CO,USD,BJ8090265,BB+,92.182,CBBT
Czech Republic Government Bond,CZGB,0.45,10/25/23,AT MATURITY,CZ,CZK,UV9166041,NR,95.542,BGN
State of North Rhine-Westphalia Germany,NRW,0.95,1/10/21,AT MATURITY,DE,EUR,BN3326855,AA+,97.679,BGN
Societe Du Grand Paris EPIC,SOGRPR,0.3,11/25/31,AT MATURITY,FR,EUR,BS4847270,NR,100.373,BGN
French Republic Government Bond OAT,FRTR,0.5,5/25/40,AT MATURITY,FR,EUR,BJ7361725,NR,100.35,BGN
Egypt Government International Bond,EGYPT,7.3,9/30/33,AT MATURITY,EG,USD,BR6006729,NR,92.288,CBBT
Brazil Notas do Tesouro Nacional Serie B,BNTNB,6,8/15/50,AT MATURITY,BR,BRL,EI1436001,BB-,4149.649414,BVAL
Egypt Government International Bond,EGYPT,6.875,4/30/40,AT MATURITY,EG,USD,EI2334031,B,86.763,CBBT
Philippine Government International Bond,PHILIP,3.2,7/6/46,AT MATURITY,PH,USD,BQ2937481,BBB,100.496,CBBT
Oman Government International Bond,OMAN,6.75,1/17/48,AT MATURITY,OM,USD,AQ7342613,BB-,98.719,CBBT
Brazilian Government International Bond,BRAZIL,10.25,1/10/28,AT MATURITY,BR,BRL,EG1787746,BB-,97.563004,BGN
Ghana Government International Bond,GHANA,8.125,3/26/32,SINKABLE,GH,USD,AX7531830,B-,82.405,CBBT
Indonesia Treasury Bond,INDOGB,5.5,4/15/26,AT MATURITY,ID,IDR,BK8407029,#N/A N/A,101.926,BGN
United States Treasury Note/Bond,T,1.125,8/31/28,NORMAL,US,USD,91282CCV1,NR,97.328125,BGN
China Government International Bond,CHINA,1.75,10/26/31,AT MATURITY,CN,USD,BS0288859,NR,100.069,CBBT
Brazil Notas do Tesouro Nacional Serie B,BNTNB,6,8/15/26,AT MATURITY,BR,BRL,JV5230828,BB-,3910.922119,BGN
Ciudad Autonoma De Buenos Aires/Government Bonds,BUEAIR,7.5,6/1/27,SINKABLE,AR,USD,LW2239967,CCC,89.733,CBBT
Italy Buoni Poliennali Del Tesoro,BTPS,2.55,9/15/41,AT MATURITY,IT,EUR,EI0209136,NR,155.241,BGN
United States Treasury Note/Bond,T,0.625,5/15/30,NORMAL,US,USD,912828ZQ6,NR,92.46875,BGN
Turkey Government International Bond,TURKEY,6.125,10/24/28,AT MATURITY,TR,USD,AS2461893,B+,98.657,BGN
Brazilian Government International Bond,BRAZIL,8.25,1/20/34,AT MATURITY,BR,USD,ED2893128,BB-,130.936,CBBT
Autonomous Community of Madrid Spain,MADRID,0.16,7/30/28,AT MATURITY,ES,EUR,BS5028466,NR,100.595,BGN
United States Treasury Note/Bond,T,0.125,8/31/23,NORMAL,US,USD,91282CCU3,NR,99.26953125,BGN
Bundesobligation,OBL,0,10/10/25,AT MATURITY,DE,EUR,BK3064635,NR,102.781,BGN
United States Treasury Note/Bond,T,0.25,10/31/25,NORMAL,US,USD,91282CAT8,NR,96.40625,BGN
Bahamas Government International Bond,BAHAMA,6.95,11/20/29,AT MATURITY,BS,USD,EI0528782,B+,92.012,CBBT
United Kingdom Gilt,UKT,0.25,1/31/25,AT MATURITY,GB,GBP,BQ2520402,NR,98.944,BGN
Spain Government Bond,SPGB,1.45,10/31/71,AT MATURITY,ES,EUR,BN9905777,NR,91.563,BGN
United Kingdom Gilt,UKT,1.25,10/22/41,AT MATURITY,GB,GBP,ZP4466964,NR,101.586,BGN
Oman Government International Bond,OMAN,6.5,3/8/47,AT MATURITY,OM,USD,AM7129258,B+,96.294,CBBT
United States Treasury Note/Bond,T,1.75,11/15/29,NORMAL,US,USD,912828YS3,NR,101.5625,BGN
Indonesia Government International Bond,INDON,1.85,3/12/31,AT MATURITY,ID,USD,BN3275334,BBB,96.829,BGN
Ukraine Government International Bond,UKRAIN,9.75,11/1/28,AT MATURITY,UA,USD,AV1889717,B,110.48,CBBT
United Kingdom Inflation-Linked Gilt,UKTI,0.125,3/22/26,AT MATURITY,GB,GBP,AF2173009,NR,118.131,BGN
Bundesrepublik Deutschland Bundesanleihe,DBR,0,11/15/27,AT MATURITY,DE,EUR,BJ2570148,NR,103.383,BGN
Turkey Government International Bond,TURKEY,7.25,3/5/38,AT MATURITY,TR,USD,EH2386843,B+,100.626,BGN
Bundesrepublik Deutschland Bundesanleihe,DBR,0.25,2/15/27,AT MATURITY,DE,EUR,AL9975494,NR,104.51,BGN
Deutsche Bundesrepublik Inflation Linked Bond,DBRI,0.1,4/15/46,AT MATURITY,DE,EUR,EK9559452,NR,165.299,BGN
Republic of Belarus International Bond,BELRUS,7.625,6/29/27,AT MATURITY,BY,USD,AN9893586,B,95.197,CBBT
Colombian TES,COLTES,7,3/26/31,AT MATURITY,CO,COP,BQ2333632,NR,92.709,BGN
Bonos de la Tesoreria de la Republica en pesos,BTPCL,4.7,9/1/30,AT MATURITY,CL,CLP,AT3408966,NR,95.96,BGN
Egypt Government International Bond,EGYPT,8.75,9/30/51,AT MATURITY,EG,USD,BR6006737,B,91.026,CBBT
Brazil Notas do Tesouro Nacional Serie F,BNTNF,10,1/1/23,AT MATURITY,BR,BRL,EJ0602940,BB-,1015.026001,BGN
Belize Government International Bond,BELIZE,4.9375,2/20/34,SINKABLE,BZ,USD,EJ6033694,NR,52.962,BVAL
Italy Buoni Poliennali Del Tesoro,BTPS,0.65,10/28/27,AT MATURITY,IT,EUR,ZQ1968838,NR,108.547,BGN
United States Treasury Bill,B,0,11/23/21,NORMAL,US,USD,912796N70,#N/A N/A,0.005,BGN
United States Treasury Note/Bond,T,5,5/15/37,NORMAL,US,USD,912810PU6,NR,145.125,BGN
French Republic Government Bond OAT,FRTR,1.25,5/25/36,AT MATURITY,FR,EUR,JK7596303,NR,113.286,BGN
Ecuador Government International Bond,ECUA,1,7/31/35,SINKABLE,EC,USD,ZO2094340,B-,68.991,CBBT
Russian Foreign Bond - Eurobond,RUSSIA,4.375,3/21/29,AT MATURITY,RU,USD,AR7902430,NR,111.046,CBBT
Spain Government Bond,SPGB,3.45,7/30/66,AT MATURITY,ES,EUR,LW0882867,BBB+,157.266,BGN
United Kingdom Gilt,UKT,1.625,10/22/28,AT MATURITY,GB,GBP,AR6412506,NR,106.226,BGN
Bundesrepublik Deutschland Bundesanleihe,DBR,0.5,2/15/26,AT MATURITY,DE,EUR,JV5034238,NR,105.062,BGN
Netherlands Government Bond,NETHER,0,1/15/38,AT MATURITY,NL,EUR,BP0268964,NR,98.987,BGN
Sri Lanka Government International Bond,SRILAN,7.55,3/28/30,AT MATURITY,LK,USD,AZ2977124,CCC,57.456,BGN
United States Treasury Bill,B,0,11/26/21,NORMAL,US,USD,912796H77,#N/A N/A,0.0175,BGN
Indonesia Treasury Bond,INDOGB,7,9/15/30,AT MATURITY,ID,IDR,AZ8693857,#N/A N/A,105.384,BGN
Indonesia Treasury Bond,INDOGB,7.125,6/15/42,AT MATURITY,ID,IDR,BQ3773885,#N/A N/A,104.3,BGN
Brazil Notas do Tesouro Nacional Serie B,BNTNB,6,8/15/24,AT MATURITY,BR,BRL,ED1829156,BB-,3857.841064,BGN
Republic of Austria Government Bond,RAGB,0,2/20/31,AT MATURITY,AT,EUR,BN7645573,NR,100.585,BGN
Bonos de la Tesoreria de la Republica,BTUCL,1.9,9/1/30,AT MATURITY,CL,CLP,AS6618589,#N/A N/A,100.485,BGN
Canadian Government Bond,CAN,1.5,12/1/31,AT MATURITY,CA,CAD,BS0709235,AAA,97.186,BGN
United States Cash Management Bill,CMB,0,12/15/21,NORMAL,US,USD,912796ZX0,#N/A N/A,0.085,BGN
Spain Government Bond,SPGB,0.1,4/30/31,AT MATURITY,ES,EUR,BN5127343,NR,97.652,BGN
Caisse des Depots et Consignations,CDCEPS,0.875,11/18/24,AT MATURITY,FR,USD,BS3617799,AA,99.434,CBBT
Turkey Government International Bond,TURKEY,11.875,1/15/30,AT MATURITY,TR,USD,EC2149440,B+,132.668,BGN
Croatia Government International Bond,CROATI,1.5,6/17/31,AT MATURITY,HR,EUR,BJ9805851,BBB-,103.293,BGN
United States Treasury Note/Bond,T,1.375,8/15/50,NORMAL,US,USD,912810SP4,NR,86.734375,BGN
Mexican Bonos,MBONO,7.5,6/3/27,AT MATURITY,MX,MXN,EG1116375,BBB,100.42,BGN
Italy Buoni Poliennali Del Tesoro,BTPS,0,4/1/26,AT MATURITY,IT,EUR,BO2189328,NR,99.619,BGN
United States Treasury Note/Bond,T,0.75,5/31/26,NORMAL,US,USD,91282CCF6,NR,97.6953125,BGN
Italy Buoni Poliennali Del Tesoro,BTPS,1.8,3/1/41,AT MATURITY,IT,EUR,ZO3879558,NR,103.944,BGN
United Kingdom Gilt,UKT,1.5,7/31/53,AT MATURITY,GB,GBP,BR7415259,NR,112.407,BGN
Romanian Government International Bond,ROMANI,1.75,7/13/30,AT MATURITY,RO,EUR,BQ4352911,BBB-,96.354,BGN
Bundesrepublik Deutschland Bundesanleihe,DBR,1.25,8/15/48,AT MATURITY,DE,EUR,AP1154040,NR,134.541,BGN
Bahrain Government International Bond,BHRAIN,5.25,1/25/33,AT MATURITY,BH,USD,BN6643595,B+,95.682,CBBT
United Kingdom Gilt,UKT,0.5,7/22/22,AT MATURITY,GB,GBP,QZ0321229,NR,100.284,BGN
United States Treasury Note/Bond,T,3.125,11/15/28,NORMAL,US,USD,9128285M8,NR,110.546875,BGN
Canadian Government Bond,CAN,0.25,4/1/24,AT MATURITY,CA,CAD,ZO9618760,AAA,97.839,BGN
Republic of Poland Government International Bond,POLAND,1,3/7/29,AT MATURITY,PL,EUR,AX4515521,A-,106.423,BGN
United States Treasury Inflation Indexed Bonds,TII,0.125,1/15/23,NORMAL,US,USD,912828UH1,NR,104.375,BGN
Ukraine Government International Bond,UKRAIN,7.75,9/1/26,AT MATURITY,UA,USD,QJ1143487,B,102.478,CBBT
Instituto de Credito Oficial,ICO,0,4/30/25,AT MATURITY,ES,EUR,BS4991185,A-,101.349,BGN
New Zealand Government Bond,NZGB,2.75,5/15/51,AT MATURITY,NZ,NZD,BR2219516,AA+,97.23461471,BCMP
Pakistan Government International Bond,PKSTAN,7.375,4/8/31,AT MATURITY,PK,USD,BO8617991,B-,101.887,CBBT
Philippine Government Bond,RPGB,3.375,4/8/26,AT MATURITY,PH,PHP,BO8435477,#N/A N/A,97.012,BGN
United States Treasury Inflation Indexed Bonds,TII,0.625,4/15/23,NORMAL,US,USD,9128284H0,NR,105.65625,BGN
United States Treasury Bill,B,0,12/7/21,NORMAL,US,USD,912796P52,#N/A N/A,0.01,BGN
United States Treasury Bill,B,0,1/4/22,NORMAL,US,USD,912796Q51,#N/A N/A,0.04,BGN
French Republic Government Bond OAT,FRTR,1.75,6/25/39,AT MATURITY,FR,EUR,AL9974240,NR,123.643,BGN
Peruvian Government International Bond,PERU,2.783,1/23/31,CALLABLE,PE,USD,BH9161648,BBB,99.778,CBBT
Brazilian Government International Bond,BRAZIL,5.625,2/21/47,AT MATURITY,BR,USD,LW9795870,BB-,98.241,CBBT
Bundesobligation,OBL,0,10/18/24,AT MATURITY,DE,EUR,AZ3212984,NR,102.297,BGN
Kommunekredit,KOMMUN,0,11/17/29,AT MATURITY,DK,EUR,BS3856793,AAA,99.922,BGN
United States Treasury Note/Bond,T,1,7/31/28,NORMAL,US,USD,91282CCR0,AAA,96.609375,BGN
Bundesrepublik Deutschland Bundesanleihe,DBR,0,8/15/31,AT MATURITY,DE,EUR,BR2433760,NR,103.401,BGN
French Republic Government Bond OAT,FRTR,1.25,5/25/34,AT MATURITY,FR,EUR,AQ9421480,NR,112.812,BGN
United Kingdom Gilt,UKT,1.25,7/31/51,AT MATURITY,GB,GBP,BP1300568,NR,103.936,BGN
Hong Kong Government International Bond,HKINTL,1,11/24/41,AT MATURITY,HK,EUR,BS5189813,AA,99.064,BGN
Republic of South Africa Government International Bond,SOAF,5.75,9/30/49,AT MATURITY,ZA,USD,ZR7451126,BB-,95.555,CBBT
United States Treasury Note/Bond,T,0.5,2/28/26,NORMAL,US,USD,91282CBQ3,NR,96.8984375,BGN
Indonesia Government International Bond,INDON,3.85,10/15/30,AT MATURITY,ID,USD,BH5785630,BBB,111.799,BGN
Indonesia Treasury Bond,INDOGB,5.125,4/15/27,AT MATURITY,ID,IDR,BQ3771400,#N/A N/A,101.305,BGN
United States Treasury Bill,B,0,1/11/22,NORMAL,US,USD,912796Q69,#N/A N/A,0.0275,BGN
Brazil Notas do Tesouro Nacional Serie B,BNTNB,6,8/15/30,AT MATURITY,BR,BRL,EI1435920,BB-,4002.697998,BGN
Dominican Republic International Bond,DOMREP,4.5,1/30/30,AT MATURITY,DO,USD,ZP6620006,BB-,100.647,CBBT
Republic of Italy Government International Bond,ITALY,2.875,10/17/29,AT MATURITY,IT,USD,ZQ0188149,NR,101.948,CBBT
United States Treasury Inflation Indexed Bonds,TII,0.125,4/15/22,NORMAL,US,USD,912828X39,NR,102.5703125,BGN
Romanian Government International Bond,ROMANI,4.625,4/3/49,AT MATURITY,RO,EUR,AX8956937,BBB-,116.464,BGN
Bundesrepublik Deutschland Bundesanleihe,DBR,0.5,8/15/27,AT MATURITY,DE,EUR,AO2235429,NR,106.282,BGN
United States Treasury Note/Bond,T,0.75,4/30/26,NORMAL,US,USD,91282CBW0,NR,97.7578125,BGN
Republic of South Africa Government Bond,SAGB,9,1/31/40,AT MATURITY,ZA,ZAR,EK7733067,BB-,86.09555,BGN
Canadian Government Real Return Bond,CANRRB,4,12/1/31,AT MATURITY,CA,CAD,EC1098416,AAA,145.055,BGN
Italy Buoni Poliennali Del Tesoro,BTPS,0.4,5/15/30,AT MATURITY,IT,EUR,ZR9250799,NR,110.42,BGN
Saudi Government International Bond,KSA,4.5,10/26/46,AT MATURITY,SA,USD,QZ9368221,A,116.887,CBBT
Brazil Letras do Tesouro Nacional,BLTN,0,1/1/24,AT MATURITY,BR,BRL,ZP2084744,BB-,783.039001,BGN
United Kingdom Inflation-Linked Gilt,UKTI,1.25,11/22/55,AT MATURITY,GB,GBP,EF0936478,NR,292.12,BGN
Argentine Republic Government International Bond,ARGENT,#N/A N/A,12/15/35,AT MATURITY,AR,EUR,EF0151748,NR,1.113,BGN
Italy Buoni Poliennali Del Tesoro,BTPS,1.25,9/15/32,AT MATURITY,IT,EUR,QJ1237321,NR,120.575,BGN
Turkey Government International Bond,TURKEY,5.875,6/26/31,AT MATURITY,TR,USD,BN6181273,B+,93.602,BGN
Republic of Austria Government Bond,RAGB,0.25,10/20/36,AT MATURITY,AT,EUR,BR4661046,NR,99.885,BGN
United States Treasury Bill,B,0,12/9/21,NORMAL,US,USD,912796J59,#N/A N/A,0.0175,BGN
Colombia Government International Bond,COLOM,5,6/15/45,CALLABLE,CO,USD,EK7127088,BB+,95.18,CBBT
Mexican Bonos,MBONO,8.5,5/31/29,AT MATURITY,MX,MXN,EH6834517,BBB,105.769,BGN
Turkey Government International Bond,TURKEY,5.2,2/16/26,AT MATURITY,TR,EUR,AV5471330,B+,105.826,BGN
New Zealand Government Bond,NZGB,0.5,5/15/24,AT MATURITY,NZ,NZD,BK0089494,AA+,96.20736767,BCMP
Sweden Government Bond,SGB,1,11/12/26,AT MATURITY,SE,SEK,EK9145948,NR,104.922,BGN
Turkiye Ihracat Kredi Bankasi AS,EXCRTU,5.75,7/6/26,AT MATURITY,TR,USD,BQ2220128,B,98.203,BGN
United States Treasury Bill,B,0,2/24/22,NORMAL,US,USD,912796D30,#N/A N/A,0.04,BGN
State of Saxony-Anhalt,SACHAN,0.01,11/9/26,AT MATURITY,DE,EUR,BS2449210,AA,101.29,BGN
Egypt Government International Bond,EGYPT,7.903,2/21/48,AT MATURITY,EG,USD,AR2881704,B,86.045,CBBT
Nigeria Government International Bond,NGERIA,8.25,9/28/51,AT MATURITY,NG,USD,BR5540512,B,94.506,CBBT
French Republic Government Bond OAT,FRTR,0.75,5/25/53,AT MATURITY,FR,EUR,BQ3977775,NR,98.586,BGN
Saudi Government International Bond,KSA,3.25,10/26/26,AT MATURITY,SA,USD,QZ9368197,A,107.363,CBBT
United Kingdom Gilt,UKT,0.875,7/31/33,AT MATURITY,GB,GBP,BR2057668,NR,98.953,BGN
Canadian Government Real Return Bond,CANRRB,0.5,12/1/50,AT MATURITY,CA,CAD,AN8206293,AAA,109.39,BGN
Spain Government Bond,SPGB,1,7/30/42,AT MATURITY,ES,EUR,BR3246377,NR,100.061,BGN
Gabon Government International Bond,GABON,6.375,12/12/24,SINKABLE,GA,USD,EJ9753546,NR,107.482,CBBT
Italy Buoni Poliennali Del Tesoro,BTPS,1.35,4/1/30,AT MATURITY,IT,EUR,ZR3437988,NR,105.206,BGN
Mexican Bonos,MBONO,5.75,3/5/26,AT MATURITY,MX,MXN,QJ1649335,BBB,94.15,BGN
Republic of Belarus International Bond,BELRUS,6.875,2/28/23,AT MATURITY,BY,USD,AN9885699,B,99.973,CBBT
Republic of Poland Government Bond,POLGB,2.5,7/25/26,AT MATURITY,PL,PLN,UV8259383,A-,96.704,BGN
Japan Government Two Year Bond,JGB,0.005,11/1/23,AT MATURITY,JP,JPY,BS1685459,#N/A N/A,100.275,BGN
United States Treasury Note/Bond,T,0.125,12/31/22,NORMAL,US,USD,91282CBD2,NR,99.87109375,BGN
Turkey Government International Bond,TURKEY,4.875,10/9/26,AT MATURITY,TR,USD,JK3225535,B+,95.734,BGN
Latvia Government International Bond,LATVIA,0,3/17/31,AT MATURITY,LV,EUR,BO5154139,A-,97.901,BGN
Spain Government Bond,SPGB,0,1/31/28,AT MATURITY,ES,EUR,BO5684341,NR,100.152,BGN
United Kingdom Gilt,UKT,0.625,7/31/35,AT MATURITY,GB,GBP,ZO2775674,NR,93.743,BGN
United States Treasury Note/Bond,T,2,2/15/50,NORMAL,US,USD,912810SL3,NR,100.6875,BGN
Bulgaria Government International Bond,BGARIA,0.375,9/23/30,AT MATURITY,BG,EUR,ZO4964201,BBB,99.021,BGN
United States Treasury Note/Bond,T,1.625,11/15/50,NORMAL,US,USD,912810SS8,NR,92.21875,BGN
United States Treasury Bill,B,0,12/28/21,NORMAL,US,USD,912796P86,#N/A N/A,0.055,BGN
French Republic Government Bond OAT,FRTR,2.5,5/25/30,AT MATURITY,FR,EUR,EK2432749,NR,122.802,BGN
Uzbekneftegaz JSC,UNGUZB,4.75,11/16/28,CALLABLE,UZ,USD,BS3801013,NR,97.534,BMRK
United Kingdom Gilt,UKT,0.5,10/22/61,AT MATURITY,GB,GBP,BJ4579378,NR,85.116,BGN
Costa Rica Government International Bond,COSTAR,6.125,2/19/31,SINKABLE,CR,USD,ZQ5851725,B,101.554,CBBT
Republic of Poland Government Bond,POLGB,2.75,10/25/29,AT MATURITY,PL,PLN,AX1032579,A-,96.32,BGN
Bulgaria Government International Bond,BGARIA,1.375,9/23/50,AT MATURITY,BG,EUR,ZO4964284,BBB,96.636,BGN
United Kingdom Inflation-Linked Gilt,UKTI,0.125,3/22/24,AT MATURITY,GB,GBP,EJ3889007,NR,110.614,BGN
United States Treasury Note/Bond,T,0.625,7/31/26,NORMAL,US,USD,91282CCP4,NR,96.9453125,BGN
United States Treasury Floating Rate Note,TF,0.080005119,10/31/23,NORMAL,US,USD,91282CDE8,NR,100.0125776,BGN
Australia Government Bond,ACGB,5.5,4/21/23,AT MATURITY,AU,AUD,EI6831487,AAA,107.186,BCMP
United States Treasury Bill,B,0,1/20/22,NORMAL,US,USD,912796K81,#N/A N/A,0.03,BGN
United Kingdom Inflation-Linked Gilt,UKTI,1.25,11/22/27,AT MATURITY,GB,GBP,EF3722370,NR,132.679,BGN
French Republic Government Bond OAT,FRTR,0.1,3/1/26,AT MATURITY,FR,EUR,BK0496913,NR,110.763,BGN
United States Treasury Bill,B,0,12/21/21,NORMAL,US,USD,912796P78,#N/A N/A,0.0575,BGN
Spain Government Bond,SPGB,0.85,7/30/37,AT MATURITY,ES,EUR,BP0545643,NR,99.762,BGN
Denmark Government Bond,DGB,0,11/15/31,AT MATURITY,DK,DKK,BN3983473,NR,100.548,BGN
Japan Government Ten Year Bond,JGB,0.1,6/20/31,AT MATURITY,JP,JPY,BQ3480895,NR,100.466,BGN
China Government Bond,CGB,2.69,8/12/26,AT MATURITY,CN,CNY,BQ8787179,NR,99.8396,CHBE
Canadian Government Bond,CAN,0.25,11/1/22,AT MATURITY,CA,CAD,BK9320544,AAA,99.522,BGN
Romanian Government International Bond,ROMANI,3,2/14/31,AT MATURITY,RO,USD,BK4157164,BBB-,100.712,CBBT
United States Treasury Note/Bond,T,2.375,5/15/29,NORMAL,US,USD,9128286T2,NR,105.765625,BGN
United States Treasury Bill,B,0,1/6/22,NORMAL,US,USD,912796K65,#N/A N/A,0.0375,BGN
United States Treasury Note/Bond,T,0.25,11/15/23,NORMAL,US,USD,91282CAW1,NR,99.296875,BGN
United States Treasury Inflation Indexed Bonds,TII,0.25,2/15/50,NORMAL,US,USD,912810SM1,NR,120.328125,BGN
United States Treasury Note/Bond,T,1.625,11/15/22,NORMAL,US,USD,912828TY6,NR,101.3984375,BGN
Saudi Government International Bond,KSA,3.25,11/17/51,AT MATURITY,SA,USD,BS3776850,A,96.983,CBBT
Italy Buoni Poliennali Del Tesoro,BTPS,0.95,9/15/27,AT MATURITY,IT,EUR,BK4597278,NR,103.543,BGN
Sweden Government Bond,SGB,1.375,6/23/71,AT MATURITY,SE,SEK,BQ0906249,NR,110.277,BGN
Italy Buoni Poliennali Del Tesoro,BTPS,0.75,4/27/37,AT MATURITY,IT,EUR,BO9757002,NR,97.25,BGN
El Salvador Government International Bond,ELSALV,7.75,1/24/23,PUTABLE,SV,USD,EC7303463,CCC+,83.305,CBBT
Brazilian Government International Bond,BRAZIL,6,4/7/26,AT MATURITY,BR,USD,JK4244196,BB-,112.495,CBBT
Oman Government International Bond,OMAN,6.25,1/25/31,AT MATURITY,OM,USD,BN5332786,BB-,106.838,CBBT
Australia Government Bond,ACGB,1,12/21/30,AT MATURITY,AU,AUD,BJ3916126,NR,92.99,BCMP
United States Treasury Bill,B,0,12/23/21,NORMAL,US,USD,912796J75,#N/A N/A,0.065,BGN
Russian Federal Bond - OFZ,RFLB,5.9,3/12/31,AT MATURITY,RU,RUB,BM1514009,#N/A N/A,83.801,MICX
Italy Buoni Poliennali Del Tesoro,BTPS,0.25,3/15/28,AT MATURITY,IT,EUR,BN4718670,NR,98.863,BGN
Societe Du Grand Paris EPIC,SOGRPR,1,11/26/51,AT MATURITY,FR,EUR,BS4847288,NR,100.732,BGN
Romanian Government International Bond,ROMANI,2.625,12/2/40,AT MATURITY,RO,EUR,BM7280928,BBB-,92.096,BGN
United States Treasury Inflation Indexed Bonds,TII,0.125,1/15/22,NORMAL,US,USD,912828SA9,NR,101.1953125,BGN
Italy Buoni Poliennali Del Tesoro,BTPS,0,1/15/24,AT MATURITY,IT,EUR,ZO8672420,NR,100.74,BGN
United States Treasury Note/Bond,T,0.125,1/31/23,NORMAL,US,USD,91282CBG5,NR,99.8046875,BGN
Kazakhstan Government International Bond,KAZAKS,3.875,10/14/24,AT MATURITY,KZ,USD,EK5325858,BBB-,#N/A N/A,KAZA
Banque Centrale de Tunisie International Bond,BTUN,5.75,1/30/25,AT MATURITY,TN,USD,EK7225882,CCC+,80.529,CBBT
Spain Government Bond,SPGB,0,5/31/24,AT MATURITY,ES,EUR,BN2922142,NR,101.169,BGN
Korea Development Bank/The,KDB,1.375,4/25/27,AT MATURITY,KR,USD,BS0084829,AA-,98.399,BGN
Canadian Government Bond,CAN,0.5,12/1/30,AT MATURITY,CA,CAD,ZO7604374,AAA,89.85,BGN
Czech Republic Government Bond,CZGB,1,6/26/26,AT MATURITY,CZ,CZK,EK9894123,NR,92.394,BGN
Ukraine Government International Bond,UKRAIN,4.375,1/27/30,AT MATURITY,UA,EUR,ZP6261306,B,88.416,BGN
Iraq International Bond,IRAQ,5.8,1/15/28,CALL/SINK,IQ,USD,EF2306852,#N/A N/A,95.449,CBBT
Russian Foreign Bond - Eurobond,RUSSIA,5.1,3/28/35,AT MATURITY,RU,USD,AX8009117,NR,117.431,CBBT
United Kingdom Gilt,UKT,1.75,9/7/22,AT MATURITY,GB,GBP,EJ2373490,NR,101.234,BGN
Russian Foreign Bond - Eurobond,RUSSIA,7.5,3/31/30,SINKABLE,RU,USD,EC2288305,BBB-,114.783,CBBT
French Republic Government Bond OAT,FRTR,0.1,7/25/47,AT MATURITY,FR,EUR,QZ6995794,NR,142.62,BGN
UAE INTERNATIONAL GOVERNMENT BOND,UAE,2,10/19/31,AT MATURITY,AE,USD,BR8165416,AA-,99.617,CBBT
Mexican Bonos,MBONO,10,12/5/24,AT MATURITY,MX,MXN,ED7791103,BBB,107.525,BGN
Italy Buoni Poliennali Del Tesoro,BTPS,1.15,7/14/30,AT MATURITY,IT,EUR,BK1731862,NR,103.352,BGN
Brazilian Government International Bond,BRAZIL,4.5,5/30/29,CALLABLE,BR,USD,AX8047471,BB-,100.608,CBBT
Chile Government International Bond,CHILE,2.55,7/27/33,CALLABLE,CL,USD,BQ6739131,A,98.104,CBBT
Romanian Government International Bond,ROMANI,2.75,4/14/41,AT MATURITY,RO,EUR,BO9736261,BBB-,92.499,BGN
Colombia Government International Bond,COLOM,3.875,2/15/61,CALLABLE,CO,USD,BN4925556,BB+,80.125,CBBT
United Kingdom Inflation-Linked Gilt,UKTI,0.125,3/22/51,AT MATURITY,GB,GBP,BN7082231,NR,210.583,BGN
United States Treasury Note/Bond,T,1.125,5/15/40,NORMAL,US,USD,912810SR0,NR,86.453125,BGN
Egypt Government International Bond,EGYPT,7.625,5/29/32,AT MATURITY,EG,USD,BJ6630393,B,94.876,CBBT
Romanian Government International Bond,ROMANI,2,4/14/33,AT MATURITY,RO,EUR,BO9736196,BBB-,93.969,BGN
Hungary Government International Bond,REPHUN,2.125,9/22/31,AT MATURITY,HU,USD,BR4255690,BBB,97.996,CBBT
Peru Government Bond,PERUGB,6.95,8/12/31,AT MATURITY,PE,PEN,EH3330816,BBB+,107.824,BGN
Argentine Republic Government International Bond,ARGENT,1.5,7/9/41,CALL/SINK,AR,EUR,ZO2956902,NR,30.864,BGN
Italy Buoni Poliennali Del Tesoro,BTPS,0.4,4/11/24,AT MATURITY,IT,EUR,JK6597203,NR,104.669,BGN
China Government International Bond,CHINA,0.125,11/12/26,CALLABLE,CN,EUR,ZQ4666348,NR,100.8,BGN
Turkey Government International Bond,TURKEY,6,3/25/27,AT MATURITY,TR,USD,AM2059328,B+,99.448,BGN
Brazilian Government International Bond,BRAZIL,4.625,1/13/28,CALLABLE,BR,USD,AP4166843,BB-,102.764,CBBT
Peruvian Government International Bond,PERU,5.625,11/18/50,AT MATURITY,PE,USD,EI4660938,BBB,137.15,CBBT
Australia Government Bond,ACGB,0.25,11/21/25,AT MATURITY,AU,AUD,BK4676338,NR,95.919,BCMP
Ghana Government International Bond,GHANA,0,4/7/25,AT MATURITY,GH,USD,BO8436202,B-,68.331,CBBT
Canadian Government Bond,CAN,1,6/1/27,AT MATURITY,CA,CAD,QZ0744271,AAA,96.887,BGN
Bundesrepublik Deutschland Bundesanleihe,DBR,0,5/15/35,AT MATURITY,DE,EUR,BJ3055610,NR,102.449,BGN
United Kingdom Gilt,UKT,0.125,1/30/26,AT MATURITY,GB,GBP,BH2959576,NR,98.14,BGN
Republic of Poland Government Bond,POLGB,3.25,7/25/25,AT MATURITY,PL,PLN,EK3155539,A-,100.201,BGN
Italy Buoni Poliennali Del Tesoro,BTPS,0.55,5/21/26,AT MATURITY,IT,EUR,AS6397986,NR,107.021,BGN
Republic of South Africa Government Bond,SAGB,7.75,2/28/23,AT MATURITY,ZA,ZAR,EJ2359440,BB-,103.03925,BGN
United Kingdom Inflation-Linked Gilt,UKTI,1.25,11/22/32,AT MATURITY,GB,GBP,EH6009185,NR,157.495,BGN
Peruvian Government International Bond,PERU,1.25,3/11/33,CALLABLE,PE,EUR,BO3978596,BBB,96.274,BGN
Indonesia Treasury Bond,INDOGB,7.5,6/15/35,AT MATURITY,ID,IDR,AZ4598522,#N/A N/A,107.121,BGN
United States Treasury Note/Bond,T,0.875,6/30/26,NORMAL,US,USD,91282CCJ8,NR,98.1640625,BGN
Mexican Bonos,MBONO,8,12/7/23,AT MATURITY,MX,MXN,ED2028832,BBB,102.121,BGN
Turkey Government International Bond,TURKEY,6.75,5/30/40,AT MATURITY,TR,USD,EI0994471,B+,94.293,BGN
Republic of Austria Government Bond,RAGB,0.75,3/20/51,AT MATURITY,AT,EUR,BH3926764,NR,107.363,BGN
Uruguay Government International Bond,URUGUA,8,11/18/22,SINKABLE,UY,USD,EF1738857,BBB-,104.875,CBBT
Hong Kong Government International Bond,HKINTL,2.375,2/2/51,AT MATURITY,HK,USD,BN7410135,AA,94.975,CBBT
Argentina Bonar Bonds,ARGBON,1,7/9/29,SINKABLE,AR,USD,ZO2827210,NR,33.543,CBBT
Portugal Government International Bond,PORTUG,5.125,10/15/24,AT MATURITY,PT,USD,EK3679090,BBB,111.58,CBBT
Chile Government International Bond,CHILE,3.1,5/7/41,CALLABLE,CL,USD,BP3918375,A,98.28,CBBT
United Kingdom Gilt,UKT,1.5,7/22/26,AT MATURITY,GB,GBP,JK0309167,NR,104.229,BGN
Brazilian Government International Bond,BRAZIL,8.5,1/5/24,AT MATURITY,BR,BRL,EJ1371867,BB-,97.688004,BGN
Russian Foreign Bond - Eurobond,RUSSIA,5.625,4/4/42,AT MATURITY,RU,USD,EJ1129646,BBB-,128.919,CBBT
Egypt Government International Bond,EGYPT,8.5,1/31/47,AT MATURITY,EG,USD,AM2612894,B,90.265,CBBT
Turkey Government International Bond,TURKEY,3.25,3/23/23,AT MATURITY,TR,USD,EJ5069251,B+,99.828,BGN
Turkey Government International Bond,TURKEY,4.25,4/14/26,AT MATURITY,TR,USD,EK8487622,B+,94.65,BGN
Canadian Government Real Return Bond,CANRRB,4.25,12/1/26,AT MATURITY,CA,CAD,CC0000597,AAA,126.428,BGN
Hellenic Republic Government Bond,GGB,4.2,1/30/42,AT MATURITY,GR,EUR,AQ1829367,BB-,152.351,BGN
Spain Government Bond,SPGB,0.6,10/31/29,AT MATURITY,ES,EUR,AZ1293424,NR,103.613,BGN
Bahamas Government International Bond,BAHAMA,5.75,1/16/24,AT MATURITY,BS,USD,EK0252404,B+,96.035,CBBT
Turkey Government International Bond,TURKEY,4.125,4/11/23,AT MATURITY,TR,EUR,EK1721514,B+,103.974,BGN
Spain Government Inflation Linked Bond,SPGBEI,1,11/30/30,AT MATURITY,ES,EUR,EK8232556,BBB+,123.442,BGN
Australia Government Bond,ACGB,1.5,6/21/31,AT MATURITY,AU,AUD,ZS8444920,NR,96.878,BCMP
United States Treasury Note/Bond,T,0.125,10/31/22,NORMAL,US,USD,91282CAR2,NR,99.953125,BGN
UAE INTERNATIONAL GOVERNMENT BOND,UAE,3.25,10/19/61,AT MATURITY,AE,USD,BR8165457,AA-,103.925,CBBT
United States Treasury Note/Bond,T,2.625,2/15/29,NORMAL,US,USD,9128286B1,NR,107.359375,BGN
CPPIB Capital Inc,CPPIBC,1.625,10/22/71,AT MATURITY,CA,GBP,BS0525680,AAA,104.672,BGN
Italy Buoni Poliennali Del Tesoro,BTPS,1.45,3/1/36,AT MATURITY,IT,EUR,BG0130297,NR,102.652,BGN
Russian Foreign Bond - Eurobond,RUSSIA,4.75,5/27/26,AT MATURITY,RU,USD,LW1929956,NR,110.647,CBBT
Turkey Government International Bond,TURKEY,5.125,2/17/28,AT MATURITY,TR,USD,AQ6920161,B+,94.641,BGN
United States Treasury Note/Bond,T,1.875,2/15/41,NORMAL,US,USD,912810SW9,NR,97.828125,BGN
Colombia Government International Bond,COLOM,4.125,5/15/51,CALLABLE,CO,USD,BJ8090273,BB+,84.862,CBBT
Italy Buoni Poliennali Del Tesoro,BTPS,1.3,5/15/28,AT MATURITY,IT,EUR,AM7652176,NR,116.077,BGN
Republic of Belarus International Bond,BELRUS,6.2,2/28/30,AT MATURITY,BY,USD,AR2861037,B,83.692,CBBT
Romanian Government International Bond,ROMANI,3.875,10/29/35,AT MATURITY,RO,EUR,QJ2484278,BBB-,109.978,BGN
Spain Government Bond,SPGB,1.25,10/31/30,AT MATURITY,ES,EUR,BJ0516218,NR,108.534,BGN
Indonesia Treasury Bond,INDOGB,7.5,4/15/40,AT MATURITY,ID,IDR,ZQ4375866,#N/A N/A,106.453,BGN
Ghana Government International Bond,GHANA,7.875,3/26/27,SINKABLE,GH,USD,AX7528927,B-,87.912,CBBT
French Republic Government Bond OAT,FRTR,1.75,5/25/66,AT MATURITY,FR,EUR,JK7597822,NR,132.198,BGN
United States Treasury Note/Bond,T,4.5,2/15/36,NORMAL,US,USD,912810FT0,NR,137.21875,BGN
United Kingdom Gilt,UKT,0.875,10/22/29,AT MATURITY,GB,GBP,AX8262112,NR,100.641,BGN
Romania Government Bond,ROMGB,3.65,9/24/31,AT MATURITY,RO,RON,QZ7562684,NR,88.035,BGN
China Government International Bond,CHINA,0.25,11/25/30,AT MATURITY,CN,EUR,BM6180517,NR,97.793,BGN
China Government International Bond,CHINA,1.25,10/26/26,AT MATURITY,CN,USD,BS0288842,NR,99.763,CBBT
Bahrain Government International Bond,BHRAIN,7,10/12/28,AT MATURITY,BH,USD,QZ7711026,B+,109.613,CBBT
United States Treasury Bill,B,0,8/11/22,NORMAL,US,USD,912796L64,#N/A N/A,0.11,BGN
Kazakhstan Government International Bond,KAZAKS,6.5,7/21/45,AT MATURITY,KZ,USD,AF2793459,BBB-,144.952,BGN
Ukraine Government International Bond,UKRAIN,6.75,6/20/26,AT MATURITY,UA,EUR,AZ1688045,B,102.179,BGN
Hellenic Republic Government Bond,GGB,1.875,1/24/52,AT MATURITY,GR,EUR,BO6214700,BB-,99.879,BGN
Airport Authority,HKAA,2.4,#N/A Field Not Applicable,PERP/CALL,HK,USD,BM8525917,NR,99,TRMT
Canadian Government Bond,CAN,0.5,9/1/25,AT MATURITY,CA,CAD,BH5185468,AAA,96.583,BGN
MFB Magyar Fejlesztesi Bank Zrt,MAGYAR,1.375,6/24/25,AT MATURITY,HU,EUR,BK1194624,BBB,104.438,BGN
Singapore Government Bond,SIGB,1.875,10/1/51,AT MATURITY,SG,SGD,BR5785000,NR,96.235,BGN
United States Treasury Inflation Indexed Bonds,TII,0.125,1/15/30,NORMAL,US,USD,912828Z37,NR,110.890625,BGN
Banque Centrale de Tunisie International Bond,BTUN,5.625,2/17/24,AT MATURITY,TN,EUR,AM3615623,CCC+,81.832,BGN
United States Treasury Note/Bond,T,0.375,12/31/25,NORMAL,US,USD,91282CBC4,NR,96.6328125,BGN
United States Treasury Note/Bond,T,2.875,9/30/23,NORMAL,US,USD,9128285D8,NR,104.2617188,BGN
Singapore Government Bond,SIGB,1.25,11/1/26,AT MATURITY,SG,SGD,BS0544053,NR,98.975,BGN
Malaysia Government Bond,MGS,3.9,11/30/26,AT MATURITY,MY,MYR,LW1697165,BBB+,103.45,BIDS
United States Treasury Bill,B,0,4/28/22,NORMAL,US,USD,912796P37,#N/A N/A,0.045,BGN
Canadian Government Bond,CAN,1.25,3/1/27,AT MATURITY,CA,CAD,BR9532150,AAA,98.082,BGN
United Kingdom Inflation-Linked Gilt,UKTI,1.875,11/22/22,AT MATURITY,GB,GBP,EG6155006,NR,107.64,BGN
North Macedonia Government International Bond,MACEDO,1.625,3/10/28,CALLABLE,MK,EUR,BO3834856,BB,94.903,BGN
Argentine Republic Government International Bond,ARGENT,0.5,7/9/29,CALL/SINK,AR,EUR,ZO3051141,NR,37.515,BGN
United States Treasury Note/Bond,T,0.375,8/15/24,NORMAL,US,USD,91282CCT6,NR,98.7109375,BGN
Republic of South Africa Government Bond,SAGB,6.5,2/28/41,AT MATURITY,ZA,ZAR,EI2585921,BB-,65.59454,BGN
Colombian TES,COLTES,5.75,11/3/27,AT MATURITY,CO,COP,ZP5354458,BB+,90.609,BGN
United States Treasury Note/Bond,T,0.125,11/30/22,NORMAL,US,USD,91282CAX9,NR,99.921875,BGN
Italy Buoni Poliennali Del Tesoro,BTPS,0.35,11/17/28,AT MATURITY,IT,EUR,BM2534659,NR,99.973,BGN
Indonesia Treasury Bond,INDOGB,6.25,6/15/36,AT MATURITY,ID,IDR,BN2944997,#N/A N/A,100.407,BGN
Ecuador Government International Bond,ECUA,0.5,7/31/40,SINKABLE,EC,USD,ZO2104552,B-,61.621,CBBT
French Republic Government Bond OAT,FRTR,0.75,11/25/28,AT MATURITY,FR,EUR,AS9078385,NR,107.175,BGN
Hungary Government International Bond,REPHUN,3.125,9/21/51,AT MATURITY,HU,USD,BR4258710,BBB-,97.651,CBBT
Republic of South Africa Government Bond,SAGB,6.25,3/31/36,AT MATURITY,ZA,ZAR,EF5565850,BB-,69.21239,BGN
Australia Government Bond,ACGB,0.25,11/21/32,AT MATURITY,AU,AUD,BR1263051,NR,106.261,BCMP
Italy Buoni Poliennali Del Tesoro,BTPS,0.1,5/15/23,AT MATURITY,IT,EUR,AR8677882,NR,103.419,BGN
United Kingdom Gilt,UKT,3.5,7/22/68,AT MATURITY,GB,GBP,EJ7125481,NR,197.719,BGN
Bundesrepublik Deutschland Bundesanleihe,DBR,0.5,2/15/25,AT MATURITY,DE,EUR,EK6841549,NR,104.135,BGN
United Kingdom Gilt,UKT,1.25,7/22/27,AT MATURITY,GB,GBP,AM7816755,NR,103.399,BGN
Angolan Government International Bond,ANGOL,9.5,11/12/25,AT MATURITY,AO,USD,QJ6558358,CCC+,107.337,CBBT
United Kingdom Inflation-Linked Gilt,UKTI,0.125,3/22/29,AT MATURITY,GB,GBP,EI8757755,NR,129.173,BGN
Mexican Udibonos,MUDI,4.5,12/4/25,AT MATURITY,MX,MXN,EF2271213,BBB,107.293,BGN
United States Treasury Bill,B,0,3/24/22,NORMAL,US,USD,912796F38,#N/A N/A,0.0425,BGN
Bahrain Government International Bond,BHRAIN,7.5,9/20/47,AT MATURITY,BH,USD,AP1423544,B+,103.873,CBBT
Saudi Government International Bond,KSA,5.25,1/16/50,AT MATURITY,SA,USD,AW5997324,A,130.836,CBBT
United Kingdom Gilt,UKT,2.25,9/7/23,AT MATURITY,GB,GBP,EJ7072188,NR,103.177,BGN
United States Treasury Note/Bond,T,2,11/15/26,NORMAL,US,USD,912828U24,NR,103.359375,BGN
Mexican Bonos,MBONO,7.75,11/13/42,AT MATURITY,MX,MXN,EJ1291206,BBB,97.207,BGN
Egypt Government International Bond,EGYPT,7.5,2/16/61,AT MATURITY,EG,USD,BN9718394,B,82.783,CBBT
Canada Housing Trust No 1,CANHOU,1.1,12/15/26,AT MATURITY,CA,CAD,BR4526835,AAA,96.473,BGN
United States Treasury Bill,B,0,6/16/22,NORMAL,US,USD,912796J42,#N/A N/A,0.065,BGN
Philippine Government International Bond,PHILIP,3.7,2/2/42,AT MATURITY,PH,USD,AM2173855,BBB,107.882,CBBT
Ontario Teachers' Finance Trust,ONTTFT,0.95,11/24/51,AT MATURITY,CA,EUR,BS5302473,AA+,100.636,BGN
French Republic Government Bond OAT,FRTR,0.25,11/25/26,AT MATURITY,FR,EUR,QZ3583536,NR,103.55,BGN
United States Treasury Note/Bond,T,2.25,11/15/25,NORMAL,US,USD,912828M56,NR,104.1796875,BGN
Japan Government Twenty Year Bond,JGB,0.4,6/20/41,AT MATURITY,JP,JPY,BQ5167771,#N/A N/A,99.065,BGN
Spain Government Bond,SPGB,0,1/31/27,AT MATURITY,ES,EUR,BR9953471,NR,100.798,BGN
Russian Federal Bond - OFZ,RFLB,7.65,4/10/30,AT MATURITY,RU,RUB,ZS2796762,NR,95.111,MICX
United States Treasury Bill,B,0,4/21/22,NORMAL,US,USD,912796G45,#N/A N/A,0.0475,BGN
Egypt Government International Bond,EGYPT,7.6003,3/1/29,AT MATURITY,EG,USD,AX3105886,B,99.337,CBBT
Italy Buoni Poliennali Del Tesoro,BTPS,3.85,9/1/49,AT MATURITY,IT,EUR,AX0999661,NR,145.372,BGN
Uruguay Government International Bond,URUGUA,4.375,1/23/31,CALL/SINK,UY,USD,AW7271116,BBB-,115.414,CBBT
United Kingdom Gilt,UKT,4,3/7/22,AT MATURITY,GB,GBP,EH7282005,NR,101.186,BGN
Russian Federal Bond - OFZ,RFLB,8.15,2/3/27,AT MATURITY,RU,RUB,EJ0370613,BBB-,98.219,MICX
Costa Rica Government International Bond,COSTAR,7.158,3/12/45,AT MATURITY,CR,USD,EK7917090,B,98.32,CBBT
Israel Government Bond - Fixed,ILGOV,1,3/31/30,AT MATURITY,IL,ILS,ZQ3887697,NR,100.616,BGN
Qatar Government International Bond,QATAR,3.75,4/16/30,AT MATURITY,QA,USD,BH6210349,AA-,111.646,CBBT
Ukraine Government International Bond,UKRAIN,7.75,9/1/27,AT MATURITY,UA,USD,QJ1144246,B,101.68,CBBT
Turkey Government International Bond,TURKEY,6,1/14/41,AT MATURITY,TR,USD,EI5302159,B+,86.599,BGN
French Republic Government Bond OAT,FRTR,0.5,6/25/44,AT MATURITY,FR,EUR,BO6060129,NR,98.482,BGN
Bundesrepublik Deutschland Bundesanleihe,DBR,4.75,7/4/40,AT MATURITY,DE,EUR,EH4697106,NR,194.419,BGN
Indonesia Government International Bond,INDON,3.2,9/23/61,CALLABLE,ID,USD,BR4152566,BBB,95.47,BGN
UAE INTERNATIONAL GOVERNMENT BOND,UAE,2.875,10/19/41,AT MATURITY,AE,USD,BR8165432,AA-,100.044,CBBT
United States Treasury Note/Bond,T,0.125,12/15/23,NORMAL,US,USD,91282CBA8,NR,98.9296875,BGN
Australia Government Bond,ACGB,2.5,5/21/30,AT MATURITY,AU,AUD,AS9049857,NR,105.59,BCMP
Ghana Government International Bond,GHANA,8.627,6/16/49,SINKABLE,GH,USD,AS6138919,B-,78.751,CBBT
Norway Government Bond,NGB,2,5/24/23,AT MATURITY,NO,NOK,EJ2026312,AAA,101.345,BGN
Italy Buoni Poliennali Del Tesoro,BTPS,0.65,5/15/26,AT MATURITY,IT,EUR,BK1983232,NR,109.788,BGN
United States Treasury Inflation Indexed Bonds,TII,0.625,1/15/24,NORMAL,US,USD,912828B25,NR,107.2890625,BGN
United States Treasury Note/Bond,T,0.375,1/31/26,NORMAL,US,USD,91282CBH3,NR,96.4921875,BGN
United States Treasury Note/Bond,T,0.125,4/30/23,NORMAL,US,USD,91282CBX8,NR,99.59375,BGN
United States Treasury Inflation Indexed Bonds,TII,0.125,7/15/30,NORMAL,US,USD,912828ZZ6,NR,111.46875,BGN
Caisse d'Amortissement de la Dette Sociale,CADES,1.25,10/28/26,AT MATURITY,FR,USD,BS0562378,AA,99.119,CBBT
Australia Government Bond,ACGB,3,3/21/47,AT MATURITY,AU,AUD,QZ5429456,AAA,108.747,BCMP
KSA Sukuk Ltd,KSA,2.25,5/17/31,AT MATURITY,KY,USD,BS3776835,A,98.583,CBBT
Turkey Government International Bond,TURKEY,4.625,3/31/25,AT MATURITY,TR,EUR,AW8999533,B+,104.703,BGN
Canadian Government Bond,CAN,0.25,3/1/26,AT MATURITY,CA,CAD,ZO8493611,AAA,94.835,BGN
Spain Government Inflation Linked Bond,SPGBEI,0.7,11/30/33,AT MATURITY,ES,EUR,AU4693654,NR,123.506,BGN
Italy Buoni Poliennali Del Tesoro,BTPS,0.5,2/1/26,AT MATURITY,IT,EUR,ZO1671031,NR,101.929,BGN
Korea Development Bank/The,KDB,0.75,1/25/25,AT MATURITY,KR,USD,BS0084803,AA-,98.51,BGN
French Republic Government Bond OAT,FRTR,0.7,7/25/30,AT MATURITY,FR,EUR,EK3265163,NR,125.042,BGN
Brazil Notas do Tesouro Nacional Serie B,BNTNB,6,5/15/55,AT MATURITY,BR,BRL,EK6971114,BB-,4126.96582,BGN
Export-Import Bank of Korea,EIBKOR,1.75,10/19/28,CALLABLE,KR,USD,BR9216077,AA-,99.913,BGN
French Republic Government Bond OAT,FRTR,2.75,10/25/27,AT MATURITY,FR,EUR,EJ3468919,NR,118.897,BGN
French Republic Government Bond OAT,FRTR,0,2/25/23,AT MATURITY,FR,EUR,ZP5647737,NR,101.028,BGN
Bahrain Government International Bond,BHRAIN,5.625,9/30/31,AT MATURITY,BH,USD,ZR7934550,B+,99.681,CBBT
Bundesrepublik Deutschland Bundesanleihe,DBR,3.25,7/4/42,AT MATURITY,DE,EUR,EI3229347,NR,171.942,BGN
United Kingdom Gilt,UKT,2,9/7/25,AT MATURITY,GB,GBP,EK7993075,NR,105.482,BGN
Chile Government International Bond,CHILE,3.25,9/21/71,CALLABLE,CL,USD,BR4519822,A,93.539,CBBT
Italy Buoni Ordinari del Tesoro BOT,BOTS,0,11/14/22,AT MATURITY,IT,EUR,BS2227749,#N/A N/A,100.511,BGN
United Kingdom Inflation-Linked Gilt,UKTI,2.5,7/17/24,AT MATURITY,GB,GBP,ZZ2071996,NR,367.548,BGN
Canadian Government Bond,CAN,1.75,12/1/53,AT MATURITY,CA,CAD,BQ8021744,AAA,91.276,BGN
Argentine Republic Government International Bond,ARGENT,0,12/15/35,AT MATURITY,AR,USD,EF0131575,NR,0.8,CBBT
United Kingdom Gilt,UKT,4.25,6/7/32,AT MATURITY,GB,GBP,EC2565959,NR,132.935,BGN
Spain Government Bond,SPGB,1.3,10/31/26,AT MATURITY,ES,EUR,LW9349736,BBB+,107.789,BGN
Italy Buoni Poliennali Del Tesoro,BTPS,1.65,3/1/32,AT MATURITY,IT,EUR,EK8086077,NR,106.879,BGN
Province of Quebec Canada,Q,1.5,9/1/31,AT MATURITY,CA,CAD,BN4364111,AA-,92.98,BGN
Hungary Government International Bond,REPHUN,0.5,11/18/30,AT MATURITY,HU,EUR,BM4478525,BBB,98.502,BGN
Provincia de Neuquen Argentina,NEUQUE,4.625,4/27/30,SINKABLE,AR,USD,AN2886496,NR,61.579,CBBT
French Republic Government Bond OAT,FRTR,0,11/25/29,AT MATURITY,FR,EUR,ZR8754684,NR,101.236,BGN
Australia Government Bond,ACGB,0.75,11/21/27,AT MATURITY,AU,AUD,AO8369305,AAA,117.174,BCMP
Saudi Government International Bond,KSA,3.75,1/21/55,AT MATURITY,SA,USD,ZP6092883,A,105.693,CBBT
Argentine Republic Government International Bond,ARGENT,1.125,7/9/46,CALL/SINK,AR,USD,ZO3009552,NR,30.783,CBBT
Colombian TES,COLTES,4.75,2/23/23,AT MATURITY,CO,COP,EG1215243,BBB-,104.049,BGN
Kingdom of Belgium Government Bond,BGB,0.65,6/22/71,AT MATURITY,BE,EUR,BN8677310,NR,87.622,BGN
Japan Treasury Discount Bill,JTDB,0,2/14/22,AT MATURITY,JP,JPY,BS2091426,#N/A N/A,100.0327,BGN
Norway Government Bond,NGB,1.5,2/19/26,AT MATURITY,NO,NOK,JK1115662,AAA,100.119,BGN
Ghana Government International Bond,GHANA,10.75,10/14/30,SINKABLE,GH,USD,QJ1388462,B+,112.151,CBBT
United States Treasury Note/Bond,T,0.125,5/31/23,NORMAL,US,USD,91282CCD1,NR,99.5234375,BGN
Republic of South Africa Government Bond,SAGB,8.75,1/31/44,AT MATURITY,ZA,ZAR,EJ7498649,BB-,82.99645,BGN
Canadian Government Bond,CAN,0.25,8/1/23,AT MATURITY,CA,CAD,BP5161909,AAA,98.735,BGN
Finland Government Bond,RFGB,0.125,9/15/31,AT MATURITY,FI,EUR,BP5791168,AA+,101.77,BGN
Korea International Bond,KOREA,1.75,10/15/31,AT MATURITY,KR,USD,BR7668857,AA-,99.859,BGN
Hong Kong Government International Bond,HKINTL,1.375,2/2/31,AT MATURITY,HK,USD,BN7410119,AA,96.402,CBBT
Colombia Government International Bond,COLOM,3.25,4/22/32,CALLABLE,CO,USD,BP1590200,BB+,92.014,CBBT
Brazilian Government International Bond,BRAZIL,8.875,4/15/24,AT MATURITY,BR,USD,EC3590501,BB-,119.221,CBBT
Sharjah Sukuk Program Ltd,SHARSK,3.2,7/13/31,AT MATURITY,KY,USD,BQ4200169,BBB-,101.713,CBBT
French Republic Government Bond OAT,FRTR,0,2/25/24,AT MATURITY,FR,EUR,BN5634504,NR,101.638,BGN
China Government International Bond,CHINA,0.75,10/26/24,AT MATURITY,CN,USD,BS0288834,NR,99.557,CBBT
Saudi Government International Bond,KSA,3.45,2/2/61,AT MATURITY,SA,USD,BN7443524,A,99.51,CBBT
Italy Buoni Poliennali Del Tesoro,BTPS,0,4/15/24,AT MATURITY,IT,EUR,BO4701724,NR,100.629,BGN
Italy Buoni Poliennali Del Tesoro,BTPS,2.8,12/1/28,AT MATURITY,IT,EUR,AT7587708,NR,115.849,BGN
United Kingdom Gilt,UKT,0.125,1/31/28,AT MATURITY,GB,GBP,BJ8830264,NR,96.567,BGN
Province of Ontario Canada,ONT,1.9,12/2/51,AT MATURITY,CA,CAD,ZO0705020,A+,81.311,BGN
Serbia International Bond,SERBIA,1,9/23/28,AT MATURITY,RS,EUR,BR4415740,BB,96.021,BGN
Italy Buoni Poliennali Del Tesoro,BTPS,0.95,8/1/30,AT MATURITY,IT,EUR,BG2593013,NR,101.481,BGN
United Kingdom Gilt,UKT,0.875,1/31/46,AT MATURITY,GB,GBP,BN5660517,NR,94.074,BGN
Dominican Republic International Bond,DOMREP,5.3,1/21/41,AT MATURITY,DO,USD,BN5158629,BB-,97.963,CBBT
Australia Government Bond,ACGB,3.25,4/21/25,AT MATURITY,AU,AUD,EJ6791309,AAA,106.925,BCMP
Ghana Government International Bond,GHANA,6.375,2/11/27,SINKABLE,GH,USD,ZP8707553,B-,84.976,CBBT
Bahrain Government International Bond,BHRAIN,6.75,9/20/29,AT MATURITY,BH,USD,AP0583124,B+,108.214,CBBT
Bundesrepublik Deutschland Bundesanleihe,DBR,0,8/15/50,AT MATURITY,DE,EUR,BP4742659,NR,101.389,BGN
Republic of Tajikistan International Bond,TAJIKI,7.125,9/14/27,SINKABLE,TJ,USD,AO9419067,B-,89.703,CBBT
India Government Bond,IGB,5.63,4/12/26,AT MATURITY,IN,INR,BO9418837,NR,99.78,NDSI
United States Treasury Note/Bond,T,0.125,7/31/23,NORMAL,US,USD,91282CCN9,NR,99.3515625,BGN
Romanian Government International Bond,ROMANI,4,2/14/51,AT MATURITY,RO,USD,BK4157206,BBB-,100.315,CBBT
Canadian Government Bond,CAN,5,6/1/37,AT MATURITY,CA,CAD,ED5436396,AAA,140.434,BGN
Egypt Government International Bond,EGYPT,6.375,4/11/31,AT MATURITY,EG,EUR,ZS0534033,B,93.802,BGN
Ghana Government International Bond,GHANA,7.75,4/7/29,SINKABLE,GH,USD,BO8436228,B-,84.412,CBBT
French Republic Government Bond OAT,FRTR,0,2/25/26,AT MATURITY,FR,EUR,BH7847974,NR,102.205,BGN
United Kingdom Inflation-Linked Gilt,UKTI,0.125,3/22/58,AT MATURITY,GB,GBP,EK3835650,NR,241.747,BGN
Russian Foreign Bond - Eurobond,RUSSIA,5.875,9/16/43,AT MATURITY,RU,USD,EJ8270120,BBB-,133.704,CBBT
Romanian Government International Bond,ROMANI,2.875,4/13/42,AT MATURITY,RO,EUR,BQ4352952,BBB-,93.124,BGN
Canadian Government Bond,CAN,0.75,2/1/24,AT MATURITY,CA,CAD,BS0586336,AAA,99.128,BGN
Development Bank of Japan Inc,DBJJP,1.75,10/20/31,AT MATURITY,JP,USD,BR9241752,A+,99.118,CBBT
Abu Dhabi Government International Bond,ADGB,3.125,9/30/49,AT MATURITY,AE,USD,ZR7470324,AA,102.702,CBBT
Canadian Government Bond,CAN,4,6/1/41,AT MATURITY,CA,CAD,EH4020986,AAA,131.382,BGN
Indonesia Treasury Bond,INDOGB,8.375,9/15/26,AT MATURITY,ID,IDR,EI4133860,NR,113.494,BGN
Banque Centrale de Tunisie International Bond,BTUN,6.75,10/31/23,AT MATURITY,TN,EUR,AV1420406,CCC+,85.879,BGN
Chile Government International Bond,CHILE,3.1,1/22/61,CALLABLE,CL,USD,BN6223950,A,93.512,CBBT
Japan Government Forty Year Bond,JGB,0.7,3/20/61,AT MATURITY,JP,JPY,BP8093554,#N/A N/A,99.113,BGN
Kingdom of Belgium Government Bond,BGB,1.7,6/22/50,AT MATURITY,BE,EUR,AW9463752,NR,124.158,BGN
Colombia Government International Bond,COLOM,6.125,1/18/41,AT MATURITY,CO,USD,EI0100491,BB+,108.043,CBBT
Brazilian Government International Bond,BRAZIL,10.125,5/15/27,AT MATURITY,BR,USD,TT3330608,BB-,140.506,CBBT
Turkey Government International Bond,TURKEY,7.625,4/26/29,AT MATURITY,TR,USD,AW6148059,B+,105.796,BGN
Angolan Government International Bond,ANGOL,9.375,5/8/48,AT MATURITY,AO,USD,AS4643506,NR,97.839,CBBT
Croatia Government International Bond,CROATI,3,3/11/25,AT MATURITY,HR,EUR,EK6481635,BBB-,109.652,BGN
Israel Government Bond - Fixed,ILGOV,3.75,3/31/47,AT MATURITY,IL,ILS,AM6641311,NR,132.574,BGN
Lebanon Government International Bond,LEBAN,6.65,2/26/30,AT MATURITY,LB,USD,EK7679070,NR,12.352,CBBT
Italy Buoni Poliennali Del Tesoro,BTPS,3,8/1/29,AT MATURITY,IT,EUR,AX3905822,NR,118.001,BGN
Egypt Government International Bond,EGYPT,8.7002,3/1/49,AT MATURITY,EG,USD,AX3105902,B,90.995,CBBT
Malaysia Government Bond,MGS,4.254,5/31/35,AT MATURITY,MY,MYR,EK9244469,BBB+,103.45,BIDS
United Kingdom Gilt,UKT,0.625,6/7/25,AT MATURITY,GB,GBP,AZ2780841,NR,100.424,BGN
Netherlands Government Bond,NETHER,0,1/15/52,AT MATURITY,NL,EUR,ZO5449301,NR,95.178,BGN
Korea Treasury Bond,KTB,1.125,6/10/24,AT MATURITY,KR,KRW,BO9165453,#N/A N/A,98.113,BGN
Romanian Government International Bond,ROMANI,3.624,5/26/30,AT MATURITY,RO,EUR,BJ5968158,BBB-,110.933,BGN
Zambia Government International Bond,ZAMBIN,8.97,7/30/27,SINKABLE,ZM,USD,UV3543443,NR,79.704,CBBT
New Zealand Government Bond,NZGB,1.5,5/15/31,AT MATURITY,NZ,NZD,ZR6098787,AA+,91.29056925,BCMP
Qatar Government International Bond,QATAR,4.4,4/16/50,AT MATURITY,QA,USD,BH6210380,AA-,123.427,CBBT
United Kingdom Gilt,UKT,1.75,9/7/37,AT MATURITY,GB,GBP,AL0832686,NR,108.947,BGN
Bundesobligation,OBL,0,4/10/26,AT MATURITY,DE,EUR,BN3329255,NR,102.965,BGN
Bahrain Government International Bond,BHRAIN,6,9/19/44,AT MATURITY,BH,USD,EK4869377,B+,92.179,CBBT
Canadian Government Bond,CAN,1.5,6/1/26,AT MATURITY,CA,CAD,UV3007514,AAA,99.966,BGN
Philippine Government Bond,RPGB,4,7/22/31,AT MATURITY,PH,PHP,BQ5398327,#N/A N/A,93.869,BGN
Chile Government International Bond,CHILE,2.55,1/27/32,CALLABLE,CL,USD,ZP6316886,A,99.585,CBBT
Nigeria Government International Bond,NGERIA,7.625,11/28/47,AT MATURITY,NG,USD,AQ1229378,B-,90.295,CBBT
German Treasury Bill,BUBILL,0,1/19/22,AT MATURITY,DE,EUR,BN5605231,#N/A N/A,100.172,BGN
Republic of Poland Government Bond,POLGB,2.5,7/25/27,AT MATURITY,PL,PLN,QZ7524254,A-,95.763,BGN
Republic of Kenya Government International Bond,KENINT,6.3,1/23/34,SINKABLE,KE,USD,BQ1316620,B,98.522,CBBT
Angolan Government International Bond,ANGOL,9.125,11/26/49,AT MATURITY,AO,USD,ZQ6807718,CCC+,95.745,CBBT
German Treasury Bill,BUBILL,0,2/23/22,AT MATURITY,DE,EUR,BO0655460,#N/A N/A,100.259,BGN
Turkey Government International Bond,TURKEY,6.625,2/17/45,AT MATURITY,TR,USD,EK0729922,B+,91.109,BGN
Mexico Government International Bond,MEX,5.75,10/12/10,AT MATURITY,MX,USD,EI4279358,BBB,115.361,CBBT
Nigeria Government International Bond,NGERIA,7.375,9/28/33,AT MATURITY,NG,USD,BR5540496,B,95.48,CBBT
Czech Republic Government Bond,CZGB,1.75,6/23/32,AT MATURITY,CZ,CZK,BO7153865,NR,92.955,BGN
United Kingdom Inflation-Linked Gilt,UKTI,0.5,3/22/50,AT MATURITY,GB,GBP,EH9657204,NR,222.534,BGN
United States Treasury Note/Bond,T,2.25,11/15/27,NORMAL,US,USD,9128283F5,NR,104.65625,BGN
Israel Government International Bond,ISRAEL,2.75,7/3/30,AT MATURITY,IL,USD,BH4742541,A+,106.363,CBBT
United Kingdom Gilt,UKT,1.5,7/22/47,AT MATURITY,GB,GBP,QZ5541813,NR,108.455,BGN
United States Treasury Note/Bond,T,0.25,8/31/25,NORMAL,US,USD,91282CAJ0,NR,96.65625,BGN
Peru Government Bond,PERUGB,6.15,8/12/32,AT MATURITY,PE,PEN,AO4008642,BBB+,101.204,BGN
United Kingdom Inflation-Linked Gilt,UKTI,0.125,8/10/48,AT MATURITY,GB,GBP,AP7250487,NR,200.324,BGN
Caisse d'Amortissement de la Dette Sociale,CADES,0.125,9/15/31,AT MATURITY,FR,EUR,BR3400735,AA,99.577,BGN
Norway Government Bond,NGB,1.25,9/17/31,AT MATURITY,NO,NOK,BN9945377,AAA,97.072,BGN
Turkey Government International Bond,TURKEY,6.375,10/14/25,AT MATURITY,TR,USD,ZO8200024,B+,102.592,BGN
French Republic Government Bond OAT,FRTR,2,5/25/48,AT MATURITY,FR,EUR,AN6136328,NR,132.605,BGN
United States Treasury Note/Bond,T,3.375,11/15/48,NORMAL,US,USD,912810SE9,NR,129.953125,BGN
Colombian TES,COLTES,6.25,11/26/25,AT MATURITY,CO,COP,AQ7338124,BB+,96.861,BGN
Italy Buoni Poliennali Del Tesoro,BTPS,0.5,4/20/23,AT MATURITY,IT,EUR,EK8254956,NR,103.658,BGN
French Republic Government Bond OAT,FRTR,0.75,5/25/28,AT MATURITY,FR,EUR,AP3656380,NR,106.981,BGN
Canadian Government Bond,CAN,2.25,6/1/29,AT MATURITY,CA,CAD,AT7587724,AAA,104.436,BGN
United States Treasury Note/Bond,T,1.5,8/15/26,NORMAL,US,USD,9128282A7,NR,100.9609375,BGN
Italy Buoni Poliennali Del Tesoro,BTPS,2.45,9/1/33,AT MATURITY,IT,EUR,AM2016153,NR,115.007,BGN
Spain Government Bond,SPGB,2.15,10/31/25,AT MATURITY,ES,EUR,EK9508764,BBB+,110.053,BGN
United States Treasury Inflation Indexed Bonds,TII,0.125,7/15/26,NORMAL,US,USD,912828S50,NR,109.2734375,BGN
Spain Government Bond,SPGB,2.9,10/31/46,AT MATURITY,ES,EUR,JK3794373,BBB+,138.979,BGN
Italy Buoni Poliennali Del Tesoro,BTPS,1.25,12/1/26,AT MATURITY,IT,EUR,QZ0167556,NR,105.461,BGN
Mexican Bonos,MBONO,8.5,11/18/38,AT MATURITY,MX,MXN,EH6944449,BBB,104.849,BGN
Brazil Notas do Tesouro Nacional Serie B,BNTNB,6,8/15/28,AT MATURITY,BR,BRL,AQ6929527,NR,3961.718994,BGN
United Kingdom Gilt,UKT,3.75,7/22/52,AT MATURITY,GB,GBP,EI8253110,NR,170.034,BGN
Indonesia Government International Bond,INDON,3.35,3/12/71,AT MATURITY,ID,USD,BN3275367,BBB,96.6,BGN
Russian Foreign Bond - Eurobond,RUSSIA,1.85,11/20/32,AT MATURITY,RU,EUR,BM4469276,NR,99.297,BGN
Argentine Republic Government International Bond,ARGENT,1.5,1/9/38,CALL/SINK,AR,EUR,ZO2956274,NR,32.735,BGN
Canadian Government Bond,CAN,2.75,12/1/64,AT MATURITY,CA,CAD,EK2465350,AAA,115.527,BGN
Province of Ontario Canada,ONT,2.55,12/2/52,AT MATURITY,CA,CAD,BR1384493,A+,94.27,BGN
Housing & Development Board,HDBSP,1.645,11/23/26,AT MATURITY,SG,SGD,BS4977135,NR,100.08,BGN
Republic of Italy Government International Bond,ITALY,1.25,2/17/26,AT MATURITY,IT,USD,BM5869821,NR,97.423,CBBT
City of Toronto Canada,TRNT,2.85,11/23/41,AT MATURITY,CA,CAD,BS3144380,AA,98.181,BGN
Australia Government Bond,ACGB,2.5,9/20/30,AT MATURITY,AU,AUD,EI4051146,AAA,157.241,BCMP
Provincia de Neuquen Argentina,NEUQUE,8.625,5/12/30,SINKABLE,AR,USD,LW0480522,NR,93.815,CBBT
Republic of Poland Government Bond,POLGB,2.75,4/25/28,AT MATURITY,PL,PLN,EJ6781532,A-,96.874,BGN
Russian Foreign Bond - Eurobond,RUSSIA,4.25,6/23/27,AT MATURITY,RU,USD,AO0619137,NR,109.32,CBBT
Italy Buoni Poliennali Del Tesoro,BTPS,0,11/29/22,AT MATURITY,IT,EUR,BO7278522,NR,100.515,BGN
United States Treasury Note/Bond,T,0.125,3/31/23,NORMAL,US,USD,91282CBU4,NR,99.6640625,BGN
Brazil Notas do Tesouro Nacional Serie B,BNTNB,6,8/15/22,AT MATURITY,BR,BRL,EI8404630,BB-,3837.144043,BGN
Colombian TES,COLTES,7.25,10/26/50,AT MATURITY,CO,COP,ZO4440988,BB+,85.031,BGN
United Kingdom Inflation-Linked Gilt,UKTI,0.125,11/22/36,AT MATURITY,GB,GBP,JK3154693,NR,156.375,BGN
United States Treasury Note/Bond,T,0.375,7/15/24,NORMAL,US,USD,91282CCL3,NR,98.7890625,BGN
United Kingdom Inflation-Linked Gilt,UKTI,0.125,8/10/28,AT MATURITY,GB,GBP,AT0803763,NR,127.486,BGN
Bahrain Government International Bond,BHRAIN,4.25,1/25/28,AT MATURITY,BH,USD,BN6639304,B+,98.798,CBBT
Turkey Government International Bond,TURKEY,6.25,9/26/22,AT MATURITY,TR,USD,EI9661808,B+,103.156,BGN
Indonesia Treasury Bond,INDOGB,6.625,5/15/33,AT MATURITY,ID,IDR,EJ3390386,BBB,100.865,BGN
United States Treasury Inflation Indexed Bonds,TII,0.125,7/15/22,NORMAL,US,USD,912828TE0,NR,103.5703125,BGN
Slovakia Government International Bond,SLOVAK,4.375,5/21/22,AT MATURITY,SK,USD,EJ1940455,A,102.156,CBBT
Oman Government International Bond,OMAN,5.625,1/17/28,AT MATURITY,OM,USD,AQ7342571,BB-,104.386,CBBT
Malaysia Government Bond,MGS,4.065,6/15/50,AT MATURITY,MY,MYR,BJ9810216,#N/A N/A,96.1,BIDS
Turkey Government International Bond,TURKEY,7.25,12/23/23,AT MATURITY,TR,USD,AV0743899,B+,106.226,BGN
Republic of Poland Government Bond,POLGB,2.25,10/25/24,AT MATURITY,PL,PLN,ZS5584801,NR,97.639,BGN
Ecuador Government International Bond,ECUA,0,7/31/30,SINKABLE,EC,USD,ZO2103844,B-,57.449,CBBT
United States Treasury Inflation Indexed Bonds,TII,0.5,4/15/24,NORMAL,US,USD,9128286N5,NR,107.4765625,BGN
Brazil Notas do Tesouro Nacional Serie B,BNTNB,6,5/15/23,AT MATURITY,BR,BRL,EK0267055,BB-,3778.719971,BGN
Colombian TES,COLTES,6,4/28/28,AT MATURITY,CO,COP,EJ5096460,BBB-,90.726,BGN
Romanian Government International Bond,ROMANI,2.124,7/16/31,AT MATURITY,RO,EUR,AZ5782398,BBB-,98.599,BGN
Australia Government Bond,ACGB,3,9/20/25,AT MATURITY,AU,AUD,EH9944131,AAA,148.608,BCMP
United States Treasury Note/Bond,T,2.25,2/15/27,NORMAL,US,USD,912828V98,NR,104.546875,BGN
United States Treasury Bill,B,0,1/13/22,NORMAL,US,USD,912796K73,#N/A N/A,0.025,BGN
Uruguay Government International Bond,URUGUA,3.875,7/2/40,SINKABLE,UY,UYU,BK2453227,BBB-,115.14,BVAL
Free and Hanseatic City of Hamburg,HAMBRG,0.4,11/23/51,AT MATURITY,DE,EUR,BS4849961,NR,100.892,BGN
Hellenic Republic Government Bond,GGB,3.75,1/30/28,AT MATURITY,GR,EUR,AQ1829268,BB-,119.105,BGN
Russian Federal Bond - OFZ,RFLB,7.95,10/7/26,AT MATURITY,RU,RUB,AX0852241,#N/A N/A,97.203,MICX
Philippine Government International Bond,PHILIP,1.95,1/6/32,AT MATURITY,PH,USD,BQ2937473,BBB,97.277,CBBT
Qatar Government International Bond,QATAR,5.103,4/23/48,AT MATURITY,QA,USD,AS1975802,AA-,134.543,CBBT
Indonesia Treasury Bond,INDOGB,7,5/15/22,AT MATURITY,ID,IDR,EI8296564,BBB,101.77,BGN
Republic of Kenya Government International Bond,KENINT,8,5/22/32,SINKABLE,KE,USD,ZS6680806,B,109.554,CBBT
United Kingdom Gilt,UKT,3.25,1/22/44,AT MATURITY,GB,GBP,EJ4073072,NR,141.208,BGN
Russian Federal Bond - OFZ,RFLB,7.05,1/19/28,AT MATURITY,RU,RUB,EJ5257898,BBB-,92.37,MICX
Province of Ontario Canada,ONT,2.25,12/2/31,AT MATURITY,CA,CAD,BR9292219,A+,98.778,BGN
Thailand Government Bond,THAIGB,1.585,12/17/35,AT MATURITY,TH,THB,BK8156469,#N/A N/A,90.045,BGN
Bahrain Government International Bond,BHRAIN,7.375,5/14/30,AT MATURITY,BH,USD,BJ3602379,B+,111.545,CBBT
Ukraine Government International Bond,UKRAIN,7.75,9/1/25,AT MATURITY,UA,USD,QJ1143461,B,102.797,CBBT
Turkey Government International Bond,TURKEY,5.25,3/13/30,AT MATURITY,TR,USD,ZP9404788,B+,91.418,BGN
United States Treasury Inflation Indexed Bonds,TII,0.625,1/15/26,NORMAL,US,USD,912828N71,NR,110.625,BGN
Malaysia Government Bond,MGS,3.478,6/14/24,AT MATURITY,MY,MYR,AZ0977431,#N/A N/A,101.85,BIDS
United States Treasury Floating Rate Note,TF,0.099006251,1/31/23,NORMAL,US,USD,91282CBK6,NR,100.0609332,BGN
Philippine Government International Bond,PHILIP,2.65,12/10/45,AT MATURITY,PH,USD,BM8782443,BBB,93.397,CBBT
Uruguay Government International Bond,URUGUA,4.375,12/15/28,SINKABLE,UY,UYU,EI8993764,BBB-,119.673,BVAL
Oman Government International Bond,OMAN,4.75,6/15/26,AT MATURITY,OM,USD,LW3897953,B+,102.3,CBBT
Australia Government Bond,ACGB,2.75,11/21/28,AT MATURITY,AU,AUD,AM5647400,AAA,107.167,BCMP
Spain Government Bond,SPGB,1.4,7/30/28,AT MATURITY,ES,EUR,AT2820591,NR,109.465,BGN
United Kingdom Inflation-Linked Gilt,UKTI,0.75,11/22/47,AT MATURITY,GB,GBP,EH0314151,NR,220.589,BGN
Ireland Government Bond,IRISH,1.35,3/18/31,AT MATURITY,IE,EUR,AU9204705,A+,112.503,BGN
United States Treasury Note/Bond,T,1.25,6/30/28,NORMAL,US,USD,91282CCH2,NR,98.28125,BGN
Russian Foreign Bond - Eurobond,RUSSIA,2.65,5/27/36,AT MATURITY,RU,EUR,BP5757227,NR,101.136,BGN
Indonesia Government International Bond,INDON,4.2,10/15/50,AT MATURITY,ID,USD,BH5785648,BBB,113.24,BGN
Gabon Government International Bond,GABON,6.95,6/16/25,AT MATURITY,GA,USD,EK9687071,CCC+,106.859,CBBT
Russian Federal Bond - OFZ,RFLB,7.7,3/16/39,AT MATURITY,RU,RUB,ZS9902447,#N/A N/A,94.547,MICX
Italy Buoni Poliennali Del Tesoro,BTPS,0.45,5/22/23,AT MATURITY,IT,EUR,AN4943832,NR,103.822,BGN
Portugal Obrigacoes do Tesouro OT,PGB,1,7/23/25,AT MATURITY,PT,EUR,AT6688663,NR,104.866,BVAL
State of North Rhine-Westphalia Germany,NRW,2.15,3/21/19,AT MATURITY,DE,EUR,AX6879636,AA+,163.062,BGN
Indonesia Government International Bond,INDON,4.75,1/8/26,AT MATURITY,ID,USD,AH0289654,BBB,112.718,BGN
Cassa Depositi e Prestiti SpA,CDEP,1.397,6/28/26,AT MATURITY,IT,EUR,AZ1097874,NR,106.173,BGN
Spain Government Bond,SPGB,1.45,10/31/27,AT MATURITY,ES,EUR,AO1210076,NR,109.213,BGN
Portugal Obrigacoes do Tesouro OT,PGB,1,4/12/52,AT MATURITY,PT,EUR,BN8909473,NR,93.77,BGN
Colombian TES,COLTES,7.5,8/26/26,AT MATURITY,CO,COP,EI8220614,BBB-,100.224,BGN
United States Treasury Note/Bond,T,0.125,9/30/22,NORMAL,US,USD,91282CAN1,NR,99.98046875,BGN
France Treasury Bill BTF,BTF,0,2/2/22,AT MATURITY,FR,EUR,BS2127451,#N/A N/A,100.193,BGN
United Kingdom Inflation-Linked Gilt,UKTI,0.625,3/22/40,AT MATURITY,GB,GBP,EI1164629,NR,180.091,BGN
El Salvador Government International Bond,ELSALV,9.5,7/15/52,CALLABLE,SV,USD,BK4395301,CCC+,74.052,CBBT
Sweden Government Bond,SGB,1.5,11/13/23,AT MATURITY,SE,SEK,EJ3991548,NR,103.446,BGN
Kommunalbanken AS,KBN,1.050000977,6/17/26,AT MATURITY,NO,USD,BS3636849,AAA,103.611,BVAL
New Zealand Government Inflation Linked Bond,NZGBI,3,9/20/30,AT MATURITY,NZ,NZD,EJ7263811,AA+,137.3889993,BCMP
Bahrain Government International Bond,BHRAIN,7,1/26/26,AT MATURITY,BH,USD,QJ8338262,B+,111.735,CBBT
Czech Republic Government Bond,CZGB,1.2,3/13/31,AT MATURITY,CZ,CZK,BG1229221,NR,88.706,BGN
Korea Treasury Bond,KTB,1.875,3/10/51,AT MATURITY,KR,KRW,BN7932278,#N/A N/A,90.67971683,LCPR
Mexico Government International Bond,MEX,4.5,1/31/50,CALLABLE,MX,USD,AZ7740204,BBB,104.952,CBBT
Korea International Bond,KOREA,0,10/15/26,AT MATURITY,KR,EUR,BR8191495,AA-,100.786,BGN
United Kingdom Gilt,UKT,4.5,12/7/42,AT MATURITY,GB,GBP,EG5064811,NR,163.086,BGN
Hungary Government Bond,HGB,1.5,8/26/26,AT MATURITY,HU,HUF,BO0901153,NR,88.483,BGN
United States Treasury Note/Bond,T,2.375,8/15/24,NORMAL,US,USD,912828D56,NR,104.09375,BGN
China Government Bond,CGB,3.72,4/12/51,AT MATURITY,CN,CNY,BO9178522,NR,105.1963,CHBE
Nigeria Government International Bond,NGERIA,9.248,1/21/49,AT MATURITY,NG,USD,AV6882030,B-,102.813,CBBT
United Kingdom Gilt,UKT,2.75,9/7/24,AT MATURITY,GB,GBP,EK1093963,NR,106.175,BGN
Brazil Notas do Tesouro Nacional Serie B,BNTNB,6,5/15/35,AT MATURITY,BR,BRL,EF3237759,BB-,4008.814697,BVAL
Hellenic Republic Government Bond,GGB,3.9,1/30/33,AT MATURITY,GR,EUR,AQ1829300,BB-,129.459,BGN
United Kingdom Inflation-Linked Gilt,UKTI,0.125,11/22/56,AT MATURITY,GB,GBP,AL3678474,NR,235.332,BGN
United States Treasury Note/Bond,T,2.625,12/31/23,NORMAL,US,USD,9128285U0,NR,104.1171875,BGN
Ghana Government International Bond,GHANA,8.75,3/11/61,SINKABLE,GH,USD,ZP8707595,B-,78.795,CBBT
Republic of South Africa Government International Bond,SOAF,5.65,9/27/47,AT MATURITY,ZA,USD,AP2252371,BB-,95.113,CBBT
Spain Government Bond,SPGB,2.35,7/30/33,AT MATURITY,ES,EUR,AM6067459,NR,120.485,BGN
State of Israel,ISRAEL,3.8,5/13/60,AT MATURITY,IL,USD,BJ1411179,A+,114.75,TRMT
United Kingdom Gilt,UKT,1.625,10/22/54,AT MATURITY,GB,GBP,ZS5355715,NR,115.51,BGN
French Republic Government Bond OAT,FRTR,0.1,7/25/31,AT MATURITY,FR,EUR,BN5634736,NR,120.003,BGN
United States Treasury Note/Bond,T,2.75,2/15/28,NORMAL,US,USD,9128283W8,NR,107.6171875,BGN
United States Treasury Note/Bond,T,0.125,1/15/24,NORMAL,US,USD,91282CBE0,NR,98.8046875,BGN
Abu Dhabi Government International Bond,ADGB,1.875,9/15/31,AT MATURITY,AE,USD,BR3518346,AA,97.752,CBBT
Italy Buoni Poliennali Del Tesoro,BTPS,3.1,9/15/26,AT MATURITY,IT,EUR,EI7048099,NR,123.776,BGN
France Treasury Bill BTF,BTF,0,11/2/22,AT MATURITY,FR,EUR,BS3335756,#N/A N/A,100.72,BGN
Ghana Government International Bond,GHANA,7.625,5/16/29,SINKABLE,GH,USD,AS6138877,B-,83.61,CBBT
Saudi Government International Bond,KSA,2.25,2/2/33,AT MATURITY,SA,USD,BN7442955,A,97.163,CBBT
Portugal Obrigacoes do Tesouro OT,PGB,0.475,10/18/30,AT MATURITY,PT,EUR,ZP3538151,NR,102.578,BGN
United Kingdom Gilt,UKT,0.75,7/22/23,AT MATURITY,GB,GBP,AO3263313,NR,100.568,BGN
Panama Government International Bond,PANAMA,2.252,9/29/32,CALLABLE,PA,USD,ZO6006472,BBB-,94.159,CBBT
Export-Import Bank of India,EXIMBK,2.25,1/13/31,AT MATURITY,IN,USD,BN2966669,BBB-,92.999,TRMT
United States Treasury Bill,B,0,9/8/22,NORMAL,US,USD,912796M71,#N/A N/A,0.1275,BGN
China Government Bond,CGB,2.47,9/2/24,AT MATURITY,CN,CNY,BR1754604,NR,99.6971,CHBE
United States Treasury Note/Bond,T,1.125,2/28/27,NORMAL,US,USD,912828ZB9,NR,98.8828125,BGN
United States Treasury Note/Bond,T,0.25,6/15/24,NORMAL,US,USD,91282CCG4,NR,98.5546875,BGN
French Republic Government Bond OAT,FRTR,0.5,5/25/29,AT MATURITY,FR,EUR,AX4732183,NR,105.37,BGN
United States Treasury Note/Bond,T,1.5,11/30/24,NORMAL,US,USD,912828YV6,NR,101.6640625,BGN
Republic of Poland Government International Bond,POLAND,3.25,4/6/26,AT MATURITY,PL,USD,JK6136523,A-,107.354,CBBT
United Kingdom Inflation-Linked Gilt,UKTI,0.25,3/22/52,AT MATURITY,GB,GBP,EJ3730565,NR,220.807,BGN
Hungary Government Bond,HGB,2.5,10/24/24,AT MATURITY,HU,HUF,AT1678487,BBB,96.064,BGN
Canadian Government Bond,CAN,3.5,12/1/45,AT MATURITY,CA,CAD,EI7057215,AAA,126.785,BGN
Kazakhstan Government International Bond,KAZAKS,4.875,10/14/44,AT MATURITY,KZ,USD,EK5167292,BBB-,132.5,KAZA
Italy Buoni Poliennali Del Tesoro,BTPS,0.35,2/1/25,AT MATURITY,IT,EUR,ZR7888244,NR,101.566,BGN
United Kingdom Gilt,UKT,0.375,10/22/30,AT MATURITY,GB,GBP,BH2956143,NR,95.851,BGN
Canadian Government Real Return Bond,CANRRB,3,12/1/36,AT MATURITY,CA,CAD,ED0059318,AAA,145.158,BGN
French Republic Government Bond OAT,FRTR,4.5,4/25/41,AT MATURITY,FR,EUR,EH8786723,NR,175.728,BGN
Canadian Government Bond,CAN,2.75,12/1/48,AT MATURITY,CA,CAD,EK3034775,AAA,113.683,BGN
Emirate of Dubai Government International Bonds,DUGB,3.9,9/9/50,AT MATURITY,AE,USD,ZO2911030,#N/A N/A,96.646,CBBT
French Republic Government Bond OAT,FRTR,0.5,5/25/26,AT MATURITY,FR,EUR,JK2706329,NR,104.52,BGN
Bundesrepublik Deutschland Bundesanleihe,DBR,1,8/15/25,AT MATURITY,DE,EUR,AF2056345,NR,106.487,BGN
United States Treasury Inflation Indexed Bonds,TII,0.125,4/15/25,NORMAL,US,USD,912828ZJ2,NR,107.7265625,BGN
Indonesia Treasury Bond,INDOGB,7.375,5/15/48,AT MATURITY,ID,IDR,AP1990260,NR,103.757,BGN
Agence Francaise de Developpement EPIC,AGFRNC,1.050003226,11/19/24,AT MATURITY,FR,USD,BS3839260,AA,102.409,BVAL
United States Treasury Note/Bond,T,0.125,6/30/22,NORMAL,US,USD,912828ZX1,NR,100.0351563,BGN
Indonesia Government International Bond,INDON,4.625,4/15/43,AT MATURITY,ID,USD,EJ6246908,BBB,116.323,BGN
Canadian Treasury Bill,CTB,0,2/3/22,AT MATURITY,CA,CAD,BN8754119,#N/A N/A,99.979,BGN
El Salvador Government International Bond,ELSALV,7.1246,1/20/50,CALLABLE,SV,USD,AZ8756738,CCC+,65.063,CBBT
Lebanon Government International Bond,LEBAN,8.25,4/12/21,AT MATURITY,LB,USD,EF3579903,NR,12.333,CBBT
Montenegro Government International Bond,MONTEN,2.875,12/16/27,CALLABLE,ME,EUR,BM9969957,B,92.352,BGN
Italy Buoni Poliennali Del Tesoro,BTPS,2.35,9/15/24,AT MATURITY,IT,EUR,EK1217422,NR,112.752,BGN
El Salvador Government International Bond,ELSALV,6.375,1/18/27,AT MATURITY,SV,USD,EK4903846,CCC+,70.139,CBBT
Japan Government Ten Year Bond,JGB,0.1,12/20/28,AT MATURITY,JP,JPY,AW5666804,A+,101.207,BGN
Kazakhstan Government International Bond,KAZAKS,5.125,7/21/25,AT MATURITY,KZ,USD,AF2793467,BBB-,#N/A N/A,KAZA
Ghana Government International Bond,GHANA,8.625,4/7/34,SINKABLE,GH,USD,BO8436244,B-,82.54,CBBT
Saudi Government International Bond,KSA,3.25,10/22/30,AT MATURITY,SA,USD,BH8296049,A,107.259,CBBT
Republic of Poland Government Bond,POLGB,0,4/25/23,AT MATURITY,PL,PLN,BK6014561,A-,96.031,BGN
Malaysia Government Bond,MGS,3.828,7/5/34,AT MATURITY,MY,MYR,AZ4602308,#N/A N/A,99.2,BIDS
Brazilian Government International Bond,BRAZIL,2.875,6/6/25,AT MATURITY,BR,USD,BJ8456797,BB-,100.601,CBBT
China Government International Bond,CHINA,0,11/25/25,AT MATURITY,CN,EUR,BM6180509,NR,100.688,BGN
Ghana Government International Bond,GHANA,7.875,8/7/23,AT MATURITY,GH,USD,EJ7706660,B-,100.2,CBBT
CBB International Sukuk Programme Co WLL,BHRAIN,3.95,9/16/27,AT MATURITY,BH,USD,ZO4133799,B+,102.158,CBBT
United States Treasury Note/Bond,T,2,2/15/25,NORMAL,US,USD,912828J27,NR,103.15625,BGN
Indonesia Treasury Bond,INDOGB,8.375,3/15/24,AT MATURITY,ID,IDR,EJ8078150,BBB,109.538,BGN
France Treasury Bill BTF,BTF,0,4/6/22,AT MATURITY,FR,EUR,BS0784832,#N/A N/A,100.326,BGN
United States Treasury Inflation Indexed Bonds,TII,0.875,1/15/29,NORMAL,US,USD,9128285W6,NR,116.1953125,BGN
Russian Foreign Bond - Eurobond,RUSSIA,4.875,9/16/23,AT MATURITY,RU,USD,EJ8270005,BBB-,106.563,CBBT
Australia Government Bond,ACGB,2.75,11/21/27,AT MATURITY,AU,AUD,JV3198662,AAA,106.811,BCMP
United States Treasury Note/Bond,T,0.125,2/28/23,NORMAL,US,USD,91282CBN0,NR,99.75390625,BGN
Romanian Government International Bond,ROMANI,2,12/8/26,AT MATURITY,RO,EUR,AX9156990,BBB-,105.511,BGN
United States Treasury Note/Bond,T,0.75,1/31/28,NORMAL,US,USD,91282CBJ9,NR,95.6875,BGN
French Republic Government Bond OAT,FRTR,0.1,3/1/28,AT MATURITY,FR,EUR,AM4844388,NR,112.245,BGN
United States Treasury Note/Bond,T,2,11/30/22,NORMAL,US,USD,912828M80,NR,101.828125,BGN
China Government International Bond,CHINA,2.5,10/26/51,AT MATURITY,CN,USD,BS0288867,NR,100.781,CBBT
Oman Sovereign Sukuk Co,OMANGS,4.875,6/15/30,AT MATURITY,OM,USD,BP9860662,BB-,106.441,CBBT
Taiwan Government Bond,TGB,0.5,10/22/31,AT MATURITY,TW,TWD,BR6656002,#N/A N/A,99.18837042,TOTL
Abu Dhabi Government International Bond,ADGB,3,9/15/51,AT MATURITY,AE,USD,BR3518361,AA,100.063,CBBT
Thailand Government Bond,THAIGB,1,6/17/27,AT MATURITY,TH,THB,BQ5009007,#N/A N/A,98.347,BGN
United States Treasury Bill,B,0,7/14/22,NORMAL,US,USD,912796K57,#N/A N/A,0.0875,BGN
Indonesia Treasury Bond,INDOGB,9,3/15/29,AT MATURITY,ID,IDR,EJ8243903,BBB,117.188,BGN
Japan Treasury Discount Bill,JTDB,0,2/21/22,AT MATURITY,JP,JPY,BS3291744,#N/A N/A,100.0383,BGN
Zambia Government International Bond,ZAMBIN,8.5,4/14/24,AT MATURITY,ZM,USD,EK1696666,NR,80.821,CBBT
United States Treasury Inflation Indexed Bonds,TII,0.125,10/15/25,NORMAL,US,USD,91282CAQ4,NR,108.4921875,BGN
Brazilian Government International Bond,BRAZIL,4.25,1/7/25,AT MATURITY,BR,USD,EJ9011747,BB-,105.906,CBBT
Italy Buoni Poliennali Del Tesoro,BTPS,2,2/1/28,AT MATURITY,IT,EUR,AQ9353915,NR,109.929,BGN
Colombian TES,COLTES,7.25,10/18/34,AT MATURITY,CO,COP,AW6274582,BB+,91.901,BGN
Australia Government Bond,ACGB,2.75,11/21/29,AT MATURITY,AU,AUD,AQ7629332,AAA,107.466,BCMP
Australia Government Bond,ACGB,2.25,5/21/28,AT MATURITY,AU,AUD,LW0207677,AAA,103.898,BCMP
Spain Government Bond,SPGB,1.85,7/30/35,AT MATURITY,ES,EUR,AX4147556,NR,114.852,BGN
Singapore Government Bond,SIGB,2.25,8/1/36,AT MATURITY,SG,SGD,LW9539104,NR,102.969,BGN
Republic of Italy Government International Bond,ITALY,6.875,9/27/23,AT MATURITY,IT,USD,TT3163389,NR,110.699,CBBT
Bundesrepublik Deutschland Bundesanleihe,DBR,4.75,7/4/34,AT MATURITY,DE,EUR,EC8300625,NR,165.759,BGN
Mexico Government International Bond,MEX,4.5,4/22/29,AT MATURITY,MX,USD,AW7505810,BBB,111.878,CBBT
Indonesia Treasury Bond,INDOGB,6.5,6/15/25,AT MATURITY,ID,IDR,AZ8693832,#N/A N/A,105.638,BGN
United States Treasury Note/Bond,T,5.375,2/15/31,NORMAL,US,USD,912810FP8,NR,133.109375,BGN
Ghana Government International Bond,GHANA,7.875,2/11/35,SINKABLE,GH,USD,ZP8707579,B-,79.389,CBBT
United States Treasury Note/Bond,T,0.5,3/31/25,NORMAL,US,USD,912828ZF0,NR,98.25,BGN
Romanian Government International Bond,ROMANI,1.375,12/2/29,AT MATURITY,RO,EUR,BM7280894,BBB-,96.691,BGN
Bundesobligation,OBL,0,4/5/24,AT MATURITY,DE,EUR,AW7134660,NR,101.962,BGN
Deutsche Bundesrepublik Inflation Linked Bond,DBRI,0.1,4/15/33,AT MATURITY,DE,EUR,BN8684431,NR,127.099,BGN
United States Treasury Note/Bond,T,0.25,3/15/24,NORMAL,US,USD,91282CBR1,NR,98.8984375,BGN
Republic of Uzbekistan International Bond,UZBEK,4.75,2/20/24,AT MATURITY,UZ,USD,AX2152962,BB-,104.975,CBBT
United States Treasury Note/Bond,T,2.25,8/15/27,NORMAL,US,USD,9128282R0,NR,104.59375,BGN
Finance Department Government of Sharjah,SHJGOV,4,7/28/50,AT MATURITY,AE,USD,BK5258532,BBB-,91.709,CBBT
Korea Development Bank/The,KDB,2,10/25/31,AT MATURITY,KR,USD,BS0084837,AA-,99.538,BGN
Spain Government Inflation Linked Bond,SPGBEI,1.8,11/30/24,AT MATURITY,ES,EUR,EK2703214,BBB+,113.443,BGN
Indonesia Treasury Bond,INDOGB,5.625,5/15/23,AT MATURITY,ID,IDR,EJ3146127,BBB,102.74,BGN
Kingdom of Belgium Government Bond,BGB,1,6/22/31,AT MATURITY,BE,EUR,EK7448872,NR,110.031,BGN
Nigeria Government International Bond,NGERIA,6.125,9/28/28,AT MATURITY,NG,USD,BR5540421,B,97.07,CBBT
Mexico Government International Bond,MEX,4.75,3/8/44,AT MATURITY,MX,USD,EJ0530851,BBB,108.916,CBBT
Hungary Government Bond,HGB,6,11/24/23,AT MATURITY,HU,HUF,EG0810937,BBB,104.65,BGN
Republic of Uzbekistan International Bond,UZBEK,5.375,2/20/29,AT MATURITY,UZ,USD,AX0562923,BB-,108.464,CBBT
Oman Government International Bond,OMAN,6,8/1/29,AT MATURITY,OM,USD,AZ8054464,BB-,106.091,CBBT
United Kingdom Inflation-Linked Gilt,UKTI,4.125,7/22/30,AT MATURITY,GB,GBP,GG7133083,NR,391.591,BGN
United States Treasury Bill,B,0,3/10/22,NORMAL,US,USD,912796M97,#N/A N/A,0.0375,BGN
United Kingdom Inflation-Linked Gilt,UKTI,0.125,8/10/41,AT MATURITY,GB,GBP,AT3070741,NR,174,BGN
Turkey Government International Bond,TURKEY,4.75,1/26/26,AT MATURITY,TR,USD,BN6181265,B+,96.785,BGN
Romanian Government International Bond,ROMANI,2.75,2/26/26,AT MATURITY,RO,EUR,BJ5968133,BBB-,108.146,BGN
Gabon Government International Bond,GABON,7,11/24/31,CALL/SINK,GA,USD,BS5204521,#N/A N/A,99.727,CBBT
Bundesobligation,OBL,0,10/13/23,AT MATURITY,DE,EUR,AT6340232,NR,101.618,BGN
Spain Government Bond,SPGB,1.2,10/31/40,AT MATURITY,ES,EUR,BJ9478998,NR,103.777,BGN
Australia Government Bond,ACGB,1.75,11/21/32,AT MATURITY,AU,AUD,BP0261415,NR,98.2,BCMP
Zambia Government International Bond,ZAMBIN,5.375,9/20/22,AT MATURITY,ZM,USD,EJ3648502,NR,76.517,CBBT
Hungary Government Bond,HGB,3.25,10/22/31,AT MATURITY,HU,HUF,EK8567308,BBB,92.043,BGN
United Kingdom Inflation-Linked Gilt,UKTI,0.125,3/22/44,AT MATURITY,GB,GBP,EJ2891202,NR,181.575,BGN
United States Treasury Note/Bond,T,0.25,5/31/25,NORMAL,US,USD,912828ZT0,NR,97.09375,BGN
Mexico Government International Bond,MEX,4.28,8/14/41,CALLABLE,MX,USD,BO9494978,BBB,103.634,CBBT
United States Treasury Note/Bond,T,1.375,11/15/40,NORMAL,US,USD,912810ST6,NR,89.890625,BGN
United States Treasury Note/Bond,T,0.75,3/31/26,NORMAL,US,USD,91282CBT7,NR,97.859375,BGN
Canadian Government Bond,CAN,0.75,10/1/24,AT MATURITY,CA,CAD,BQ4678315,AAA,98.35,BGN
Malaysia Government Bond,MGS,3.733,6/15/28,AT MATURITY,MY,MYR,EJ7152766,BBB+,101.85,BIDS
United States Treasury Inflation Indexed Bonds,TII,0.375,1/15/27,NORMAL,US,USD,912828V49,NR,110.703125,BGN
Republic of Austria Government Bond,RAGB,0,2/20/30,AT MATURITY,AT,EUR,ZP7632067,NR,101.138,BGN
Brazil Notas do Tesouro Nacional Serie B,BNTNB,6,5/15/45,AT MATURITY,BR,BRL,ED5757767,BB-,4093.717041,BGN
United States Treasury Note/Bond,T,2.875,5/15/28,NORMAL,US,USD,9128284N7,NR,108.5,BGN
Republic of Belarus International Bond,BELRUS,5.875,2/24/26,AT MATURITY,BY,USD,BK1209000,B,90.675,CBBT
Turkey Government International Bond,TURKEY,6.35,8/10/24,AT MATURITY,TR,USD,AZ4623783,B+,103.673,BGN
Italy Buoni Poliennali Del Tesoro,BTPS,0.65,10/15/23,AT MATURITY,IT,EUR,QZ5107748,NR,102.097,BGN
Province of Ontario Canada,ONT,2.15,6/2/31,AT MATURITY,CA,CAD,BP0114523,A+,98.429,BGN
Canadian Government Real Return Bond,CANRRB,1.25,12/1/47,AT MATURITY,CA,CAD,EJ9651005,AAA,126.601,BGN
Sri Lanka Government International Bond,SRILAN,5.75,4/18/23,AT MATURITY,LK,USD,AS1797776,CCC,63.391,BGN
United States Treasury Inflation Indexed Bonds,TII,0.375,7/15/23,NORMAL,US,USD,912828VM9,NR,106.28125,BGN
Romanian Government International Bond,ROMANI,2,1/28/32,AT MATURITY,RO,EUR,ZP6061268,BBB-,95.961,BGN
Australia Government Bond,ACGB,3.75,4/21/37,AT MATURITY,AU,AUD,EK5446753,AAA,120.196,BCMP
United States Treasury Note/Bond,T,1.5,10/31/24,NORMAL,US,USD,912828YM6,NR,101.6875,BGN
Egypt Government International Bond,EGYPT,7.0529,1/15/32,AT MATURITY,EG,USD,ZQ5986224,B,92.565,CBBT
Japanese Government CPI Linked Bond,JGBI,0.1,3/10/28,AT MATURITY,JP,JPY,AS5951049,A+,103.518,BGN
Province of New Brunswick Canada,NBRNS,2.9,8/14/52,AT MATURITY,CA,CAD,BS5605115,A+,99.682,BVAL
Republic of Poland Government International Bond,POLAND,4,1/22/24,AT MATURITY,PL,USD,EK0324518,A-,106.379,CBBT
United States Treasury Note/Bond,T,0.375,4/30/25,NORMAL,US,USD,912828ZL7,NR,97.671875,BGN
United States Treasury Note/Bond,T,0.125,6/30/23,NORMAL,US,USD,91282CCK5,NR,99.453125,BGN
Hungary Government International Bond,REPHUN,0.125,9/21/28,AT MATURITY,HU,EUR,BR4637426,BBB,98.183,BGN
Saudi Government International Bond,KSA,4.375,4/16/29,AT MATURITY,SA,USD,AW5997316,A,114.847,CBBT
Indonesia Treasury Bond,INDOGB,8.25,5/15/29,AT MATURITY,ID,IDR,AU6526563,#N/A N/A,113.104,BGN
Spain Government Bond,SPGB,1.6,4/30/25,AT MATURITY,ES,EUR,EK7081954,BBB+,107.065,BGN
Italy Buoni Poliennali Del Tesoro,BTPS,0.25,11/20/23,AT MATURITY,IT,EUR,AP6571859,NR,104.095,BGN
Hungary Government International Bond,REPHUN,1.5,11/17/50,AT MATURITY,HU,EUR,BM4478533,BBB,96.424,BGN
Province of Alberta Canada,ALTA,1,5/20/25,AT MATURITY,CA,USD,BJ4336118,A+,99.322,CBBT
Korea Treasury Bond,KTB,1.75,9/10/26,AT MATURITY,KR,KRW,BQ2513423,#N/A N/A,97.894,BGN
United Kingdom Gilt,UKT,3.5,1/22/45,AT MATURITY,GB,GBP,EK3339349,NR,147.995,BGN
Turkey Government International Bond,TURKEY,5.6,11/14/24,AT MATURITY,TR,USD,ZQ4978800,B+,101.469,BGN
United Kingdom Inflation-Linked Gilt,UKTI,2,1/26/35,AT MATURITY,GB,GBP,EC6107691,NR,314.584,BGN
United Kingdom Inflation-Linked Gilt,UKTI,0.125,3/22/46,AT MATURITY,GB,GBP,EK9691511,NR,189.161,BGN
Slovakia Government Bond,SLOVGB,1,10/13/51,AT MATURITY,SK,EUR,BR7993180,NR,106.395,BGN
Australia Government Bond,ACGB,4.25,4/21/26,AT MATURITY,AU,AUD,EK1150607,AAA,112.353,BCMP
Bonos de la Tesoreria de la Republica en pesos,BTPCL,4.5,3/1/26,AT MATURITY,CL,CLP,EK8775448,NR,97.945,BGN
Netherlands Government Bond,NETHER,2.75,1/15/47,AT MATURITY,NL,EUR,EK0414632,NR,166.904,BGN
Bolivian Government International Bond,BOLIVI,4.5,3/20/28,SINKABLE,BO,USD,AM8489388,B,90.066,CBBT
Canadian Government Bond,CAN,1.5,9/1/24,AT MATURITY,CA,CAD,ZS0489246,AAA,100.629,BGN
Serbia International Bond,SERBIA,2.05,9/23/36,AT MATURITY,RS,EUR,BR4415765,BB,92.019,BGN
Uruguay Government International Bond,URUGUA,5.1,6/18/50,SINKABLE,UY,USD,EK3264687,BBB-,130.132,CBBT
Hong Kong Government Bond Programme,GBHK,2,11/16/23,AT MATURITY,HK,HKD,BM0950162,#N/A N/A,102.2,EXCH